{"type": "FeatureCollection", "features": [{"type": "Feature", "id": "pipelines.26", "geometry": {"type": "MultiLineString", "coordinates": [[[13.12962397, 44.97991473], [13.12976479, 44.97993035], [13.1298726, 44.97994226], [13.12995207, 44.97995094], [13.13000789, 44.97995685], [13.13004472, 44.97996046], [13.13006725, 44.97996225], [13.13008013, 44.97996269], [13.13008805, 44.97996224], [13.13009491, 44.97996127], [13.13010156, 44.97995973], [13.13010807, 44.97995749], [13.1301145, 44.9799544], [13.13012095, 44.97995031], [13.13012748, 44.97994508], [13.13013416, 44.97993856], [13.13014107, 44.97993061], [13.1301683, 44.97989612], [13.13019038, 44.97986792], [13.13020802, 44.97984514], [13.13022192, 44.97982688], [13.13023277, 44.97981225], [13.13024129, 44.97980039], [13.13024818, 44.97979039], [13.13025413, 44.97978138], [13.13025976, 44.97977256], [13.13026537, 44.97976352], [13.13027114, 44.97975394], [13.13027728, 44.97974348], [13.130284, 44.97973183], [13.13029149, 44.97971867], [13.13029995, 44.97970365], [13.13030958, 44.97968648], [13.13032051, 44.97966691], [13.13033263, 44.97964517], [13.13034572, 44.97962157], [13.13035959, 44.97959643], [13.13037404, 44.97957005], [13.13038888, 44.97954276], [13.1304039, 44.97951486], [13.13041891, 44.97948668], [13.13043378, 44.97945839], [13.13044864, 44.97942961], [13.1304637, 44.97939983], [13.13047915, 44.97936852], [13.1304952, 44.97933516], [13.13051204, 44.97929924], [13.13052989, 44.97926025], [13.13054893, 44.97921766], [13.1305693, 44.97917117], [13.13059078, 44.97912137], [13.13061309, 44.97906907], [13.13063596, 44.97901506], [13.13065908, 44.97896015], [13.13068218, 44.97890515], [13.13070496, 44.97885085], [13.13072716, 44.97879807], [13.13074852, 44.97874744], [13.13076901, 44.97869897], [13.13078864, 44.97865248], [13.13080742, 44.97860782], [13.13082535, 44.97856482], [13.13084244, 44.97852332], [13.13085871, 44.97848315], [13.13087416, 44.97844415], [13.13088881, 44.97840614], [13.13090277, 44.97836887], [13.13091614, 44.97833208], [13.13092903, 44.97829551], [13.13094155, 44.97825888], [13.13095381, 44.97822193], [13.13096592, 44.9781844], [13.130978, 44.97814602], [13.13099013, 44.97810662], [13.13100233, 44.97806631], [13.13101463, 44.9780253], [13.13102701, 44.97798382], [13.13103949, 44.97794206], [13.13105208, 44.97790024], [13.13106477, 44.97785856], [13.13107759, 44.97781724], [13.13109052, 44.97777646], [13.1311035, 44.97773636], [13.13111647, 44.97769703], [13.13112935, 44.97765857], [13.13114209, 44.9776211], [13.1311546, 44.97758472], [13.13116682, 44.97754953], [13.13117869, 44.97751563], [13.13119014, 44.97748311], [13.13120117, 44.97745194], [13.13121181, 44.97742205], [13.13122206, 44.97739341], [13.13123195, 44.97736594], [13.13124148, 44.9773396], [13.13125067, 44.97731433], [13.13125953, 44.97729008], [13.13126812, 44.97726671], [13.13127659, 44.97724377], [13.13128513, 44.97722073], [13.13129395, 44.97719707], [13.13130323, 44.97717225], [13.13131317, 44.97714575], [13.13132396, 44.97711704], [13.13133581, 44.97708559], [13.13134884, 44.977051], [13.13136301, 44.97701347], [13.13137819, 44.97697332], [13.13139429, 44.97693088], [13.13141119, 44.97688646], [13.13142878, 44.9768404], [13.13144695, 44.97679302], [13.13146559, 44.97674465], [13.13148463, 44.97669551], [13.13150412, 44.97664544], [13.13152417, 44.97659421], [13.13154487, 44.97654156], [13.13156631, 44.97648723], [13.13158858, 44.97643098], [13.1316118, 44.97637255], [13.13163605, 44.9763117], [13.13166142, 44.97624808], [13.13168797, 44.97618094], [13.13171577, 44.97610947], [13.13174488, 44.97603284], [13.13177534, 44.97595021], [13.13180723, 44.97586075], [13.13184059, 44.97576364], [13.13187549, 44.97565804], [13.13219056, 44.9749487], [13.13254031, 44.97424759], [13.13292431, 44.97355557], [13.1333421, 44.97287348], [13.13379315, 44.97220216], [13.1341303, 44.97173651], [13.13451096, 44.97130001], [13.13491284, 44.9708732], [13.13533546, 44.97045661], [13.13538805, 44.97040685], [13.13547744, 44.97032801], [13.13556805, 44.97024969], [13.13565915, 44.9701723], [13.13575001, 44.97009627], [13.13583991, 44.97002201], [13.13592812, 44.96994994], [13.13601391, 44.96988048], [13.13609655, 44.96981404], [13.13617546, 44.96975094], [13.13625064, 44.96969111], [13.13632224, 44.96963438], [13.13639038, 44.96958059], [13.13645523, 44.96952956], [13.13651692, 44.96948113], [13.13657559, 44.96943512], [13.1366314, 44.96939137], [13.13668459, 44.96934964], [13.13673592, 44.96930942], [13.13678627, 44.96927012], [13.1368365, 44.96923115], [13.13688749, 44.96919193], [13.1369401, 44.96915188], [13.13699521, 44.96911041], [13.13705368, 44.96906693], [13.13711607, 44.96902109], [13.13718167, 44.96897337], [13.13724946, 44.96892448], [13.13731841, 44.96887515], [13.1373875, 44.96882608], [13.13745569, 44.96877799], [13.13752197, 44.96873159], [13.13758531, 44.96868759], [13.13764496, 44.9686465], [13.13770132, 44.968608], [13.13775504, 44.96857157], [13.13780679, 44.96853668], [13.13785725, 44.9685028], [13.13790707, 44.96846941], [13.13795693, 44.968436], [13.13800749, 44.96840202], [13.13805932, 44.96836704], [13.1381126, 44.96833093], [13.1381674, 44.96829364], [13.13822382, 44.96825514], [13.13828193, 44.96821537], [13.1383418, 44.96817428], [13.13840353, 44.96813184], [13.13846719, 44.96808799], [13.13853297, 44.96804262], [13.13860155, 44.96799529], [13.1386737, 44.96794549], [13.1387502, 44.96789272], [13.13883184, 44.96783647], [13.1389194, 44.96777622], [13.13901367, 44.96771147], [13.13911541, 44.96764171], [13.13922522, 44.96756657], [13.13934286, 44.9674862], [13.13946791, 44.96740088], [13.13959994, 44.96731089], [13.13973853, 44.96721653], [13.13988324, 44.96711807], [13.14003365, 44.9670158], [13.14018932, 44.96691001], [13.1403497, 44.96680107], [13.14051367, 44.96668977], [13.14067997, 44.96657699], [13.14084735, 44.96646359], [13.14101455, 44.96635046], [13.14118033, 44.96623846], [13.14134342, 44.96612849], [13.14150257, 44.96602142], [13.14165695, 44.96591781], [13.1418074, 44.96581704], [13.14195519, 44.96571817], [13.14210159, 44.96562027], [13.14224785, 44.9655224], [13.14239526, 44.96542363], [13.14254506, 44.96532302], [13.14269853, 44.96521963], [13.14285661, 44.96511278], [13.14301889, 44.9650028], [13.14318466, 44.96489025], [13.14335318, 44.9647757], [13.14352374, 44.96465972], [13.14369561, 44.96454289], [13.14386806, 44.96442577], [13.14404037, 44.96430894], [13.14421198, 44.96419282], [13.14438296, 44.96407734], [13.14455355, 44.96396225], [13.144724, 44.96384734], [13.14489455, 44.96373238], [13.14506543, 44.96361713], [13.14523689, 44.96350137], [13.14540916, 44.96338488], [13.14558235, 44.96326754], [13.14575595, 44.96314972], [13.14592931, 44.96303191], [13.14610177, 44.96291457], [13.1462727, 44.96279821], [13.14644144, 44.9626833], [13.14660735, 44.96257032], [13.14676977, 44.96245975], [13.14692818, 44.962352], [13.14708257, 44.96224705], [13.14723306, 44.96214483], [13.14737977, 44.96204526], [13.14752282, 44.96194824], [13.14766231, 44.96185369], [13.14779838, 44.96176153], [13.14793114, 44.96167166], [13.14806074, 44.96158398], [13.14818752, 44.96149823], [13.14831183, 44.96141414], [13.14843405, 44.96133142], [13.14855453, 44.96124978], [13.14867365, 44.96116896], [13.14879177, 44.96108867], [13.14890926, 44.96100863], [13.14902636, 44.96092864], [13.14914288, 44.96084886], [13.1492585, 44.96076951], [13.1493729, 44.96069084], [13.14948577, 44.96061308], [13.1495968, 44.96053646], [13.14970566, 44.96046122], [13.14981205, 44.9603876], [13.14991592, 44.96031563], [13.15001827, 44.96024462], [13.15012041, 44.96017369], [13.15022361, 44.96010193], [13.15032916, 44.96002847], [13.15043834, 44.9599524], [13.15055245, 44.95987285], [13.15067276, 44.95978891], [13.15079967, 44.95970033], [13.15093002, 44.9596093], [13.15105974, 44.95951864], [13.15118477, 44.95943116], [13.15130106, 44.9593497], [13.15140455, 44.95927705], [13.15149117, 44.95921605], [13.15155688, 44.95916952], [13.15157141, 44.95916046], [13.15158282, 44.95915353], [13.15159154, 44.95914843], [13.15159799, 44.95914488], [13.15160262, 44.95914259], [13.15160586, 44.95914126], [13.15160814, 44.9591406], [13.15160989, 44.95914033], [13.15161152, 44.95914023], [13.15161329, 44.95914038], [13.15161541, 44.95914093], [13.15161812, 44.95914205], [13.15162164, 44.95914388], [13.15162619, 44.95914658], [13.151632, 44.95915031], [13.1516393, 44.95915522], [13.15164841, 44.95916153], [13.15166009, 44.95916969], [13.15167517, 44.9591802], [13.15169452, 44.95919358], [13.15171898, 44.95921032], [13.1517494, 44.95923095], [13.15178664, 44.95925596], [13.15183153, 44.95928586]]]}, "geometry_name": "the_geom", "properties": {"id": null, "name": "IZABELA SOUTH - IZABELA NORTH", "status": "Active", "medium": "Gas, Water", "operator": "EDINA", "size_in": "10 + 3", "length_m": 3000, "year": "2009", "from_loc": "IZABELA SOUTH", "to_loc": "IZABELA NORTH", "country_co": "HR", "country": "Croatia", "notes": null}}, {"type": "Feature", "id": "pipelines.18", "geometry": {"type": "MultiLineString", "coordinates": [[[13.2147638, 44.68751611], [13.21485261, 44.68747834], [13.21490114, 44.68745899], [13.21493449, 44.68745721], [13.21496065, 44.6874638], [13.21497242, 44.68747309], [13.21498104, 44.6874848], [13.21502268, 44.68753681], [13.21508485, 44.68761622], [13.21510893, 44.68764735], [13.21511877, 44.68765751], [13.21512938, 44.68766455], [13.21513743, 44.68766684], [13.21514615, 44.68766726], [13.21516128, 44.68766604], [13.21519771, 44.68766192], [13.2152659, 44.68765428], [13.21534692, 44.68764732], [13.21543422, 44.68764014], [13.21552061, 44.687633], [13.21560906, 44.68762639], [13.21567663, 44.68762085], [13.2157388, 44.68761647], [13.21579628, 44.6876121], [13.21584988, 44.68760731], [13.21591338, 44.6876021], [13.21598311, 44.68759579], [13.21604572, 44.68759159], [13.21609955, 44.68758626], [13.21615272, 44.68758217], [13.21619772, 44.68757812], [13.21625065, 44.68757401], [13.216307, 44.68756869], [13.21638655, 44.68756212], [13.21645572, 44.68755614], [13.21652321, 44.68754984], [13.21658631, 44.6875435], [13.21666084, 44.68753593], [13.21674604, 44.68752859], [13.21684388, 44.68752169], [13.21696302, 44.68751057], [13.21705333, 44.68750273], [13.21712379, 44.68749597], [13.21721621, 44.68748803], [13.21730995, 44.68748106], [13.2174679, 44.68746665], [13.21755926, 44.68745909], [13.21768342, 44.6874493], [13.21775805, 44.68744217], [13.21785072, 44.68743441], [13.21794246, 44.68742855], [13.21805456, 44.68742102], [13.21815334, 44.6874124], [13.21825596, 44.68740207], [13.21834574, 44.6873939], [13.2184389, 44.68738482], [13.21853901, 44.68737624], [13.21862704, 44.68736918], [13.21872678, 44.68736078], [13.21881317, 44.68735474], [13.2189413, 44.68734519], [13.21904472, 44.68733751], [13.21912941, 44.68733103], [13.21921736, 44.68732466], [13.21929825, 44.68731984], [13.21939953, 44.68731347], [13.21953092, 44.68730427], [13.21961229, 44.68729847], [13.2196913, 44.68729037], [13.21981627, 44.68727982], [13.21989744, 44.68727045], [13.22006244, 44.68725312], [13.22017431, 44.68724268], [13.22029095, 44.68723167], [13.22040688, 44.68722076], [13.22054945, 44.68721023], [13.22065698, 44.68720129], [13.22078411, 44.6871917], [13.22089518, 44.68718123], [13.22099401, 44.68717116], [13.22108966, 44.68716381], [13.22119087, 44.68715361], [13.22129348, 44.68714512], [13.22141706, 44.68713146], [13.2215345, 44.68711779], [13.22176698, 44.68709611], [13.22187798, 44.68708585], [13.22201133, 44.68707453], [13.22218247, 44.68706116], [13.22231087, 44.68704895], [13.22243963, 44.68703835], [13.22256362, 44.68702718], [13.22269925, 44.68701456], [13.22281065, 44.68700442], [13.22294844, 44.68699244], [13.22305111, 44.68698404], [13.22315986, 44.68697405], [13.22334554, 44.68695868], [13.22343828, 44.68695194], [13.22365171, 44.68693268], [13.22380115, 44.68691936], [13.2238876, 44.68691206], [13.22401729, 44.68690023], [13.22414376, 44.68688609], [13.22428742, 44.68687404], [13.22444298, 44.68686167], [13.22454894, 44.68685033], [13.22466074, 44.68683994], [13.22478643, 44.68682683], [13.2248767, 44.68681828], [13.22502036, 44.68680201], [13.22513936, 44.6867914], [13.22524932, 44.68678283], [13.22534439, 44.68677418], [13.22545604, 44.68676474], [13.22562303, 44.6867519], [13.22576862, 44.68673889], [13.2259011, 44.68672766], [13.22602759, 44.68671847], [13.22618442, 44.68670546], [13.22631232, 44.68669488], [13.22645653, 44.68668198], [13.22661065, 44.68666829], [13.22678134, 44.68665182], [13.22696498, 44.68663434], [13.22708381, 44.68662412], [13.22724581, 44.68661014], [13.22739426, 44.68659724], [13.22759438, 44.68658267], [13.22772134, 44.68657209], [13.2279126, 44.68655419], [13.22804826, 44.68654253], [13.22818688, 44.6865319], [13.22836391, 44.68651436], [13.22850914, 44.68650455], [13.22865862, 44.68648939], [13.22877452, 44.68647865], [13.22889333, 44.68646684], [13.22903423, 44.68645319], [13.22921207, 44.68643982], [13.22939241, 44.68642301], [13.22953091, 44.68641165], [13.22969143, 44.68640009], [13.22982998, 44.68638728], [13.22999599, 44.68637334], [13.23016248, 44.68635469], [13.23037741, 44.68633478], [13.23054035, 44.68632138], [13.2307562, 44.68629805], [13.23096332, 44.68627954], [13.23116622, 44.68625792], [13.2312837, 44.68624719], [13.23143443, 44.68623457], [13.23165302, 44.68621234], [13.23180032, 44.68620111], [13.23205543, 44.68617646], [13.23222796, 44.68615983], [13.23239813, 44.68614067], [13.23254955, 44.68612757], [13.23279251, 44.68610379], [13.23296635, 44.68608815], [13.23328138, 44.68605577], [13.23344782, 44.68603856], [13.23366971, 44.68601966], [13.23383609, 44.68600486], [13.23397619, 44.68599095], [13.23412542, 44.68597936], [13.23428127, 44.68596683], [13.23451319, 44.68594668], [13.23469958, 44.68592743], [13.23486206, 44.68591437], [13.23503581, 44.6858968], [13.2351856, 44.68588317], [13.23539001, 44.68586461], [13.2355996, 44.68584453], [13.23574088, 44.68583079], [13.23594897, 44.68581269], [13.23610576, 44.68580112], [13.23639627, 44.68577552], [13.23658165, 44.68575908], [13.23682806, 44.68573425], [13.23700327, 44.68571814], [13.23732462, 44.68569064], [13.23757045, 44.68566958], [13.2377652, 44.68564974], [13.23791183, 44.68563517], [13.23805889, 44.68562211], [13.23821421, 44.68560722], [13.23840106, 44.68559045], [13.23856192, 44.68557583], [13.2387436, 44.68556071], [13.23889298, 44.68554755], [13.23902691, 44.68553476], [13.23917876, 44.68552234], [13.23932364, 44.68551143], [13.23947072, 44.6854974], [13.23961604, 44.68548631], [13.23973409, 44.68547454], [13.23986665, 44.68546216], [13.23998096, 44.68545294], [13.24012787, 44.68543735], [13.24028872, 44.68542434], [13.24045807, 44.68540445], [13.24057142, 44.68539326], [13.24070459, 44.68538134], [13.24082131, 44.6853702], [13.24101512, 44.68535491], [13.24112313, 44.68534267], [13.2412826, 44.6853312], [13.24140201, 44.6853201], [13.24152073, 44.68530946], [13.24163998, 44.68529542], [13.24175997, 44.6852872], [13.2418666, 44.6852759], [13.2419722, 44.68526587], [13.24209299, 44.68525335], [13.24223611, 44.68524194], [13.24235448, 44.68522993], [13.24245898, 44.68522243], [13.2426047, 44.68520886], [13.24266985, 44.68520406], [13.24280472, 44.68519319], [13.2429323, 44.68517886], [13.24306943, 44.68516747], [13.24322732, 44.68515169], [13.24331992, 44.6851449], [13.2434828, 44.68513049], [13.2435825, 44.68512442], [13.24372152, 44.68510978], [13.24384269, 44.68509809], [13.243943, 44.6850925], [13.24405285, 44.68508604], [13.24423304, 44.68506799], [13.24433724, 44.68506011], [13.24445513, 44.68504701], [13.24465552, 44.68502559], [13.2447897, 44.68501519], [13.24493582, 44.68500279], [13.24503825, 44.68499211], [13.24522287, 44.68497471], [13.24535095, 44.68496565], [13.24550681, 44.68495031], [13.24567662, 44.68493175], [13.24582768, 44.68491921], [13.24597718, 44.68490475], [13.24608579, 44.68489534], [13.24621793, 44.68488609], [13.24634671, 44.68487586], [13.24648328, 44.68486255], [13.24658785, 44.68485265], [13.24672834, 44.68484657], [13.24691051, 44.68482876], [13.24711198, 44.68480826], [13.24727368, 44.68479972], [13.24743652, 44.68479021], [13.24751675, 44.68478425], [13.24760793, 44.68477223], [13.24773674, 44.68476126], [13.24786259, 44.68474826], [13.24801704, 44.68473481], [13.24810503, 44.68472747], [13.24826756, 44.68471366], [13.24840141, 44.68470413], [13.2485215, 44.68469255], [13.24862409, 44.68468118], [13.24874461, 44.68467091], [13.24888692, 44.68465871], [13.24900161, 44.68464753], [13.24909602, 44.68463986], [13.24919379, 44.68463226], [13.24929337, 44.68462125], [13.24939726, 44.68461134], [13.2495293, 44.68459829], [13.24966314, 44.68458395], [13.24977609, 44.68457535], [13.24995783, 44.68456078], [13.25005839, 44.68454986], [13.25018661, 44.68453797], [13.2503239, 44.68452412], [13.25047468, 44.68451077], [13.25064677, 44.68449523], [13.25081723, 44.68448367], [13.25095642, 44.68447183], [13.25110316, 44.68445762], [13.25122717, 44.6844489], [13.25134852, 44.68443851], [13.25148479, 44.6844266], [13.25156399, 44.6844188], [13.25176066, 44.68439873], [13.25190293, 44.68438749], [13.2520996, 44.68437122], [13.25223538, 44.68435667], [13.25234314, 44.68434811], [13.25245919, 44.68433956], [13.25260991, 44.68432813], [13.25278193, 44.68431207], [13.25295365, 44.68429683], [13.25312845, 44.68427794], [13.25326375, 44.68426512], [13.25335747, 44.68425792], [13.25348482, 44.68424672], [13.25359117, 44.68423789], [13.253699, 44.68422764], [13.25381937, 44.6842147], [13.25392628, 44.68420181], [13.25402336, 44.68419466], [13.2541201, 44.68418863], [13.25425019, 44.68417649], [13.25436687, 44.68416629], [13.25449962, 44.68415523], [13.25462114, 44.68414214], [13.25474727, 44.68412939], [13.25484846, 44.68412253], [13.25496501, 44.68411069], [13.25504426, 44.68410142], [13.25511428, 44.6840962], [13.25520592, 44.68408806], [13.25530995, 44.6840792], [13.25539481, 44.6840695], [13.25547296, 44.68406283], [13.25555799, 44.68405619], [13.25563172, 44.68404998], [13.25569648, 44.68404493], [13.25574978, 44.6840414], [13.25586345, 44.68403246], [13.25591629, 44.68402856], [13.25597858, 44.68402325], [13.25603778, 44.68401759], [13.25609293, 44.68401283], [13.25612652, 44.68401018], [13.25620166, 44.68400447], [13.25629772, 44.68399514], [13.25634757, 44.68399045], [13.25638471, 44.68398644], [13.25644287, 44.68398094], [13.2565037, 44.68397635], [13.25655229, 44.68397224], [13.25659752, 44.68396774], [13.25665229, 44.6839626], [13.25670529, 44.68395793], [13.25678653, 44.68395088], [13.256831, 44.68394748], [13.25689601, 44.68394166], [13.25694981, 44.68393533], [13.25708242, 44.68392571], [13.25715296, 44.68392074], [13.25721413, 44.68391397], [13.25731001, 44.68390719], [13.25739319, 44.68389969], [13.25746292, 44.68389323], [13.25751888, 44.68388697], [13.2575789, 44.68388019], [13.25763719, 44.68387402], [13.25772541, 44.6838661], [13.25779274, 44.68385837], [13.25786215, 44.68385261], [13.25793827, 44.68384422], [13.25804026, 44.68383722], [13.2581578, 44.68382852], [13.25839395, 44.68380905], [13.25858463, 44.68379857], [13.25878964, 44.68378562], [13.25899539, 44.68377358], [13.25914612, 44.68376782], [13.25926301, 44.683762], [13.25931951, 44.68375859], [13.25943398, 44.68375162], [13.25958221, 44.68373692], [13.25972933, 44.68372476], [13.25984693, 44.6837127], [13.25997377, 44.68370336], [13.26005769, 44.68369583], [13.26016425, 44.68368869], [13.26023647, 44.68368352], [13.26030789, 44.68367584], [13.2604095, 44.68366544], [13.26052927, 44.68365724], [13.26066432, 44.6836461], [13.26075686, 44.68363748], [13.26086753, 44.68362895], [13.26094394, 44.68362051], [13.26102225, 44.68361306], [13.26110702, 44.68360324], [13.26117219, 44.68359711], [13.26124461, 44.68359266], [13.26131511, 44.68358873], [13.2614461, 44.68357931], [13.26155819, 44.68356865], [13.2617401, 44.68355112], [13.26190121, 44.6835362], [13.2620535, 44.68352148], [13.26217256, 44.68351229], [13.26231189, 44.68349766], [13.26241749, 44.68348645], [13.26252474, 44.68347839], [13.262643, 44.68346823], [13.2627685, 44.68345795], [13.26289511, 44.68344876], [13.26304789, 44.68343644], [13.26316557, 44.68342683], [13.26328518, 44.68341691], [13.26338949, 44.68340807], [13.2635435, 44.68339205], [13.26370566, 44.68337789], [13.26387751, 44.68336049], [13.26398433, 44.68335048], [13.26409989, 44.68334388], [13.26425351, 44.68332904], [13.26452298, 44.68330037], [13.26475874, 44.68327999], [13.26487023, 44.68327005], [13.26502571, 44.6832563], [13.26517462, 44.68324305], [13.26533005, 44.68323094], [13.26546258, 44.6832191], [13.26560527, 44.68320576], [13.26578886, 44.68318744], [13.26591572, 44.68317549], [13.26592063, 44.68317503], [13.2661129, 44.68315735], [13.26623765, 44.68314595], [13.26639544, 44.68312998], [13.26650533, 44.68312112], [13.26665745, 44.68310459], [13.26682001, 44.68308868], [13.2669255, 44.68307941], [13.26706109, 44.68306957], [13.26716866, 44.68306067], [13.26729135, 44.68304918], [13.2673888, 44.68304069], [13.2674894, 44.68303058], [13.26760616, 44.68301901], [13.26768631, 44.6830108], [13.26779852, 44.68300253], [13.26788193, 44.68299549], [13.26800852, 44.6829862], [13.26811222, 44.68297669], [13.26819483, 44.68297019], [13.2683233, 44.6829583], [13.26845894, 44.68294501], [13.26858592, 44.68293343], [13.26876539, 44.68291228], [13.26889542, 44.68289696], [13.26901191, 44.68287964], [13.26912568, 44.68286119], [13.26915798, 44.6828537], [13.26921131, 44.68284216], [13.26923803, 44.68283608], [13.26924906, 44.68282742], [13.26925216, 44.68281452], [13.269251, 44.68280105], [13.26924046, 44.68273551], [13.2692305, 44.68267666], [13.26922792, 44.68266277], [13.26922582, 44.68264946], [13.26922672, 44.68264169], [13.26923126, 44.68263552], [13.2692433, 44.68262058], [13.2692648, 44.68259432]]]}, "geometry_name": "the_geom", "properties": {"id": null, "name": "ANA - IVANA B", "status": "Active", "medium": "Gas, Water, Air", "operator": "INAgip", "size_in": "10 + 3 + 2", "length_m": 4400, "year": "2008", "from_loc": "ANA", "to_loc": "IVANA B", "country_co": "HR", "country": "Croatia", "notes": null}}, {"type": "Feature", "id": "pipelines.23", "geometry": {"type": "MultiLineString", "coordinates": [[[13.21493903, 44.6876494], [13.21495991, 44.68769008], [13.21498491, 44.68775258], [13.21502089, 44.68780749], [13.21504625, 44.68785138], [13.21507423, 44.68789196], [13.21509574, 44.68793374], [13.21512692, 44.68799129], [13.21515288, 44.68803947], [13.21519178, 44.68810122], [13.2152151, 44.6881527], [13.2152623, 44.68822933], [13.21530241, 44.68829648], [13.21536671, 44.68838294], [13.21541543, 44.68846233], [13.21546679, 44.68853842], [13.21550043, 44.68860357], [13.21553239, 44.68866091], [13.21557665, 44.6887339], [13.21559058, 44.68877975], [13.21563178, 44.68884723], [13.21566909, 44.68892539], [13.21570135, 44.68898327], [13.2157368, 44.68906452], [13.21575875, 44.68911192], [13.21578826, 44.68916165], [13.21582375, 44.68922692], [13.2158525, 44.68927367], [13.21588533, 44.68935183], [13.2159305, 44.68943286], [13.21596567, 44.68950397], [13.21599221, 44.68956603], [13.21605181, 44.68967937], [13.21610023, 44.6897614], [13.21611415, 44.68981045], [13.21615194, 44.68988145], [13.21619437, 44.68995113], [13.21623477, 44.69002842], [13.21627364, 44.69009656], [13.21630004, 44.69015675], [13.21632568, 44.69021077], [13.21636426, 44.69027516], [13.21640323, 44.69036753], [13.21643993, 44.69044459], [13.21649945, 44.6905273], [13.21653368, 44.69060634], [13.21658053, 44.6906952], [13.21659424, 44.69072026], [13.21663979, 44.69078755], [13.21668625, 44.69087398], [13.21672871, 44.6909596], [13.21677632, 44.69103493], [13.21683138, 44.6911241], [13.21688685, 44.6912157], [13.21694066, 44.69129758], [13.21699474, 44.69140481], [13.21703799, 44.69148196], [13.21708091, 44.69158334], [13.21713655, 44.69168188], [13.21719462, 44.69178993], [13.21724764, 44.69188855], [13.21732293, 44.69203193], [13.21736659, 44.6921115], [13.21742319, 44.69220851], [13.2174702, 44.69229099], [13.21752411, 44.69239127], [13.21758064, 44.69249148], [13.21764535, 44.69260025], [13.21769719, 44.6926884], [13.21774741, 44.69278016], [13.21782572, 44.69289603], [13.21789526, 44.69301047], [13.21792734, 44.69309003], [13.21796461, 44.69317262], [13.21803666, 44.69328511], [13.21810594, 44.69341234], [13.21815923, 44.69352804], [13.21819696, 44.69362639], [13.21825973, 44.69371664], [13.21832282, 44.69382903], [13.21837434, 44.69393315], [13.21842233, 44.69403569], [13.21848262, 44.69414948], [13.21854149, 44.69424905], [13.21861513, 44.69437445], [13.21868434, 44.69447501], [13.21876618, 44.69459245], [13.21882437, 44.69471063], [13.21888891, 44.69481246], [13.21893949, 44.69490159], [13.21898037, 44.69496604], [13.21903679, 44.69507263], [13.21908399, 44.6951919], [13.21911541, 44.69527355], [13.21918343, 44.69541001], [13.21923256, 44.69551796], [13.21929605, 44.69564931], [13.21934682, 44.69572885], [13.21939294, 44.69580966], [13.21944082, 44.69591032], [13.21948978, 44.69601133], [13.21953713, 44.69610769], [13.21960346, 44.69621284], [13.21964146, 44.69629015], [13.2196895, 44.6963679], [13.21974072, 44.69647146], [13.21979764, 44.69656076], [13.21984298, 44.69664178], [13.21990139, 44.69673385], [13.21995402, 44.69681352], [13.22000102, 44.69690426], [13.22002807, 44.69695788], [13.22008444, 44.69705114], [13.22012387, 44.69713441], [13.22017654, 44.69722741], [13.22022893, 44.69731159], [13.22028063, 44.69741439], [13.22034269, 44.69754804], [13.2203885, 44.69763656], [13.22044782, 44.69776015], [13.22049335, 44.69783985], [13.22053401, 44.69793867], [13.2205958, 44.69804697], [13.22065683, 44.69814722], [13.22068863, 44.69821797], [13.22075174, 44.6983221], [13.2207964, 44.69842173], [13.22086417, 44.69853285], [13.22089471, 44.69860457], [13.22092787, 44.69868447], [13.22099419, 44.69880615], [13.22103467, 44.6989063], [13.22109957, 44.69901375], [13.22114263, 44.69910874], [13.22118661, 44.69918061], [13.22122657, 44.69927644], [13.22128073, 44.69937221], [13.22135743, 44.69949996], [13.22141661, 44.69960008], [13.22145611, 44.69968016], [13.2214971, 44.69975474], [13.22157133, 44.69989777], [13.22164491, 44.69999651], [13.221708, 44.70011716], [13.22177106, 44.70022448], [13.22181079, 44.70030831], [13.22187921, 44.70041734], [13.22195067, 44.70053699], [13.22200388, 44.70063429], [13.22204997, 44.70073989], [13.22209937, 44.70083506], [13.22220331, 44.70100683], [13.22224876, 44.70114437], [13.22228826, 44.70122445], [13.2223129, 44.70129016], [13.22237124, 44.70139369], [13.22243401, 44.70149219], [13.22247524, 44.70157053], [13.2225456, 44.70166823], [13.22257345, 44.70175149], [13.22262089, 44.70182813], [13.22271447, 44.70197732], [13.22275883, 44.70204654], [13.222776, 44.70211492], [13.22281119, 44.70220189], [13.22287214, 44.70232186], [13.22292081, 44.70242231], [13.22298987, 44.70255405], [13.22304974, 44.70267368], [13.22312746, 44.70280495], [13.22321124, 44.70291933], [13.22327898, 44.70305524], [13.22332736, 44.70314687], [13.22339723, 44.7032536], [13.22343834, 44.70333833], [13.22348094, 44.70341756], [13.2235505, 44.703532], [13.2235971, 44.70362031], [13.22367845, 44.7037633], [13.22373798, 44.70387731], [13.22378921, 44.70398913], [13.22384999, 44.70410216], [13.22393547, 44.70423958], [13.22397724, 44.70432221], [13.22400678, 44.7043904], [13.22405584, 44.70447168], [13.22411872, 44.70458032], [13.22416631, 44.70468869], [13.22422981, 44.70478191], [13.22428253, 44.70488824], [13.22433317, 44.70499896], [13.22440963, 44.70513948], [13.22445904, 44.70522638], [13.22449681, 44.7053082], [13.22453491, 44.70540391], [13.2245814, 44.70549034], [13.22464117, 44.70559983], [13.22472048, 44.70571416], [13.2247819, 44.70579524], [13.22481288, 44.70586113], [13.22484563, 44.7059386], [13.22489634, 44.70603786], [13.22494397, 44.70612144], [13.22499939, 44.70622449], [13.22503925, 44.70631019], [13.22507935, 44.70639138], [13.22512762, 44.70648113], [13.22517799, 44.70656651], [13.22521312, 44.70665667], [13.22525432, 44.70676806], [13.22529895, 44.70685436], [13.22535719, 44.70694775], [13.22540405, 44.70702328], [13.22545502, 44.70710976], [13.22549334, 44.70717936], [13.2255427, 44.70726119], [13.22558867, 44.70733506], [13.22562358, 44.70740495], [13.2256727, 44.7074913], [13.22570596, 44.70755148], [13.22572751, 44.70760977], [13.22574878, 44.70765098], [13.22577941, 44.70770064], [13.22577967, 44.70770125], [13.22582638, 44.70780109], [13.22584845, 44.70786959], [13.22588583, 44.70793822], [13.22589696, 44.70799193], [13.22593096, 44.70805129], [13.22598254, 44.70812611], [13.22600245, 44.70819075], [13.2260349, 44.70825374], [13.22607756, 44.70830936], [13.2261365, 44.70840382], [13.22620331, 44.70850434], [13.22626166, 44.70859129], [13.22630638, 44.70868595], [13.22636167, 44.70876099], [13.22638502, 44.70881251], [13.22644106, 44.70889373], [13.2264806, 44.70896302], [13.22650844, 44.70901454], [13.22653903, 44.70907423], [13.22656796, 44.70912289], [13.22659763, 44.70918412], [13.22661994, 44.70922252], [13.22667259, 44.70930086], [13.22673141, 44.70938385], [13.22677509, 44.70946218], [13.22681711, 44.70952949], [13.22686759, 44.70961037], [13.22690868, 44.70967602], [13.22693577, 44.70971817], [13.22695572, 44.70977002], [13.22698324, 44.70982739], [13.22702387, 44.70989062], [13.22703905, 44.70993871], [13.22704605, 44.70997698], [13.22706093, 44.71002132], [13.22711991, 44.71010298], [13.22714618, 44.71016134], [13.22716595, 44.7102241], [13.22720331, 44.71029913], [13.22723791, 44.71036279], [13.22726563, 44.71040284], [13.2272959, 44.71046837], [13.22732517, 44.71050799], [13.22735683, 44.71057441], [13.22740347, 44.71064679], [13.22745451, 44.71074796], [13.22749267, 44.71081317], [13.22752757, 44.71088378], [13.2275608, 44.71094016], [13.22759651, 44.71099655], [13.22765509, 44.711094], [13.22772729, 44.71120652], [13.22779874, 44.71132433], [13.22788596, 44.71143974], [13.22794201, 44.7115306], [13.22798339, 44.71161085], [13.22802108, 44.71168256], [13.22806883, 44.71177633], [13.22811315, 44.71187039], [13.22814983, 44.71196527], [13.22817899, 44.71204948], [13.22824392, 44.71217352], [13.228308, 44.71228762], [13.22836343, 44.71238564], [13.2284341, 44.71249031], [13.22850026, 44.71260829], [13.22855782, 44.71271527], [13.22858969, 44.71279621], [13.2286323, 44.71288374], [13.22868814, 44.7129575], [13.22875931, 44.7131148], [13.22881601, 44.71323854], [13.22886581, 44.71333111], [13.22892157, 44.71340807], [13.22898665, 44.71351236], [13.22904742, 44.71362863], [13.22911127, 44.71373898], [13.22917897, 44.7138648], [13.2292568, 44.71398278], [13.22931626, 44.71409496], [13.22936614, 44.71418433], [13.22941043, 44.71428666], [13.22948979, 44.71441249], [13.22956151, 44.71452577], [13.22963849, 44.71464716], [13.22968993, 44.71474945], [13.22974172, 44.71485737], [13.22977236, 44.71493101], [13.22984013, 44.71504029], [13.22988331, 44.71515055], [13.22993312, 44.71525647], [13.23002065, 44.71542583], [13.23007109, 44.71549788], [13.23011761, 44.71558435], [13.23016969, 44.71566613], [13.2302618, 44.71580564], [13.23033547, 44.7159292], [13.2303701, 44.71598522], [13.23044391, 44.71610239], [13.23050889, 44.7162048], [13.23059086, 44.71633881], [13.23064742, 44.71644225], [13.23067091, 44.71651593], [13.2307063, 44.71659337], [13.23072848, 44.71664961], [13.23076055, 44.71671587], [13.2308045, 44.71679923], [13.23083928, 44.7168622], [13.23086643, 44.71691264], [13.23091086, 44.71698189], [13.23095758, 44.71706703], [13.23101812, 44.71716621], [13.23105615, 44.71724355], [13.23109261, 44.71732133], [13.23112833, 44.71737769], [13.23118835, 44.71747256], [13.23125527, 44.71758525], [13.23126665, 44.71763808], [13.23133215, 44.71773145], [13.23136511, 44.71781273], [13.23141011, 44.71789135], [13.23146472, 44.71797116], [13.23150353, 44.71803495], [13.2315214, 44.71811652], [13.23156816, 44.71820675], [13.23163261, 44.7182915], [13.23167777, 44.71839043], [13.23169884, 44.71846795], [13.23176218, 44.71857399], [13.23178669, 44.71865121], [13.23182434, 44.71871785], [13.23184627, 44.71876527], [13.23188452, 44.71883302], [13.23192989, 44.718909], [13.23199215, 44.718988], [13.23203834, 44.71906884], [13.23208662, 44.71914021], [13.23213767, 44.71924007], [13.23218483, 44.71933272], [13.23228587, 44.71949713], [13.23234646, 44.71960137], [13.23239855, 44.71970985], [13.2324386, 44.71980762], [13.23251641, 44.71993386], [13.23258959, 44.7200315], [13.23264779, 44.72011796], [13.23270707, 44.72021812], [13.23277552, 44.72031195], [13.23280505, 44.72036683], [13.2328351, 44.72042601], [13.23286646, 44.72048929], [13.23289917, 44.72056173], [13.23294599, 44.7206354], [13.23298869, 44.72071974], [13.2330476, 44.72080919], [13.23307929, 44.7208781], [13.23312684, 44.72098145], [13.23315459, 44.7210597], [13.23319109, 44.72114255], [13.2332276, 44.72121205], [13.2332662, 44.72129877], [13.23331056, 44.72137121], [13.2333536, 44.72146118], [13.23341597, 44.7215554], [13.23343944, 44.72162401], [13.23346815, 44.72168737], [13.23350861, 44.72176088], [13.2335535, 44.72185097], [13.23358871, 44.72192973], [13.23363909, 44.72203168], [13.23368823, 44.72211298], [13.23373846, 44.72220798], [13.23378678, 44.72229778], [13.23382653, 44.7223683], [13.233862, 44.72246923], [13.2339163, 44.72257011], [13.23397465, 44.72266352], [13.2340182, 44.72274445], [13.2340606, 44.72282823], [13.23411866, 44.72292109], [13.23418245, 44.72302129], [13.2342259, 44.72311368], [13.23426662, 44.72318267], [13.23432158, 44.72328146], [13.23439899, 44.72339193], [13.23447747, 44.72350273], [13.23452308, 44.72359581], [13.23457279, 44.72369985], [13.23463648, 44.72379817], [13.2346794, 44.72388626], [13.23472467, 44.72397371], [13.2347688, 44.72407736], [13.23481859, 44.72419155], [13.23485215, 44.72427393], [13.23492051, 44.72440593], [13.2349706, 44.72452068], [13.23500137, 44.72459619], [13.23504959, 44.72469746], [13.23509655, 44.7247997], [13.2351551, 44.72491849], [13.2352274, 44.72502781], [13.23528983, 44.7251538], [13.2353442, 44.72525148], [13.23539458, 44.72534008], [13.23546312, 44.72545742], [13.23550172, 44.72554415], [13.23555502, 44.72565483], [13.2356117, 44.72576015], [13.23565743, 44.7258551], [13.23568724, 44.72595885], [13.23576458, 44.72607251], [13.23582816, 44.72619565], [13.23586371, 44.72626668], [13.23589896, 44.72636386], [13.235965, 44.72646154], [13.2360187, 44.72656131], [13.23606953, 44.72664406], [13.23613065, 44.72675262], [13.23618428, 44.72685558], [13.23625536, 44.72697096], [13.2362953, 44.7270535], [13.23633175, 44.7271529], [13.23640007, 44.72725313], [13.23643673, 44.72732958], [13.23646015, 44.72737976], [13.23648782, 44.72742116], [13.23651192, 44.72746008], [13.23653807, 44.72749838], [13.23657941, 44.72757095], [13.2366073, 44.72763708], [13.23665725, 44.72772189], [13.23670212, 44.7277992], [13.23675145, 44.72788291], [13.23678339, 44.72794344], [13.23686067, 44.72804354], [13.2369023, 44.72811985], [13.23694947, 44.72820289], [13.23700617, 44.72830302], [13.23705613, 44.72838464], [13.2371023, 44.7284482], [13.23713824, 44.72851271], [13.2371882, 44.72859752], [13.23724191, 44.7286698], [13.2372859, 44.72873588], [13.23734169, 44.72883117], [13.23738558, 44.72892278], [13.2374204, 44.72899653], [13.23747423, 44.72908026], [13.2375169, 44.72916647], [13.23756656, 44.72924754], [13.23759399, 44.72931444], [13.23761791, 44.72936702], [13.23764366, 44.7294293], [13.23768082, 44.7294992], [13.23770998, 44.72956116], [13.2377397, 44.72963379], [13.23777505, 44.72969401], [13.23780573, 44.72976191], [13.23784768, 44.72983558], [13.23788949, 44.72990418], [13.23792544, 44.72996869], [13.2379594, 44.73002803], [13.23799469, 44.7301042], [13.2380345, 44.73017081], [13.23807649, 44.73023491], [13.23811108, 44.73029215], [13.23813224, 44.73033977], [13.23814345, 44.73037865], [13.23819716, 44.73048669], [13.23828638, 44.7306607], [13.23833396, 44.73074244]], [[13.23833396, 44.73074244], [13.23837433, 44.73080581]], [[13.23833396, 44.73074244], [13.23844481, 44.7309417], [13.23849671, 44.7310248], [13.23858111, 44.7311766], [13.23862028, 44.73124602], [13.23872493, 44.73146858], [13.23877604, 44.73155191], [13.23880917, 44.73161343], [13.23890613, 44.73181839], [13.23893838, 44.73186999], [13.23897807, 44.73194371]], [[13.23897807, 44.73194371], [13.23902201, 44.732022]], [[13.23897807, 44.73194371], [13.23911517, 44.73217013], [13.23917446, 44.73227029], [13.23922324, 44.73235425], [13.23928366, 44.73245983], [13.23933146, 44.73255359], [13.2393782, 44.73263874], [13.23944085, 44.73273353], [13.2394747, 44.73279805], [13.23952293, 44.73288597], [13.23955922, 44.73295999], [13.23958169, 44.73301997], [13.23963825, 44.73311007], [13.23970142, 44.73321744], [13.23975169, 44.73330417], [13.23979258, 44.73338011], [13.23983089, 44.73346121], [13.23987975, 44.7335337], [13.23994492, 44.73366468], [13.24002948, 44.73380181], [13.24010586, 44.73392211], [13.24017185, 44.73406622], [13.24022316, 44.73418637], [13.24032314, 44.73433391], [13.24040215, 44.73450053], [13.24046465, 44.73461826], [13.2405214, 44.73473692], [13.24057199, 44.73481593], [13.24061919, 44.73491685], [13.24067218, 44.73503018], [13.24074804, 44.73514617], [13.24078653, 44.73522594], [13.24083947, 44.7353342], [13.24089904, 44.73545145], [13.24096639, 44.73556658], [13.24102868, 44.73566401], [13.24108014, 44.73576123], [13.24114852, 44.73587163], [13.24117697, 44.7359427], [13.24122224, 44.73605496], [13.24128381, 44.73615768], [13.2413387, 44.73624633], [13.24139977, 44.73635808], [13.24145488, 44.73645875], [13.24150695, 44.73654881], [13.24156626, 44.7366407], [13.2416221, 44.73672782], [13.24165714, 44.73679454], [13.24169448, 44.73688544], [13.24175308, 44.73697435], [13.24183305, 44.73710129], [13.2418874, 44.73719391], [13.24194813, 44.73729176], [13.24200869, 44.73739095], [13.24208207, 44.73752223], [13.24213457, 44.73760645], [13.24219956, 44.73770887], [13.24225264, 44.73780246], [13.24234269, 44.73795972], [13.24242196, 44.7380754], [13.24249781, 44.73823781], [13.2425631, 44.73837893], [13.242644, 44.738491], [13.24270608, 44.73861456], [13.24279709, 44.73877028], [13.24287407, 44.73889995], [13.24292725, 44.73901195], [13.24302229, 44.73915195], [13.24307274, 44.73929204], [13.24314789, 44.73940504], [13.24324437, 44.73958915], [13.24332666, 44.73973199], [13.24338825, 44.73986459], [13.24344308, 44.73995644], [13.24349313, 44.74003941], [13.24356676, 44.74016618], [13.24362463, 44.74026864], [13.24370131, 44.74039775], [13.24374201, 44.74049155], [13.24378534, 44.74058527], [13.24384676, 44.74071092], [13.24392786, 44.74085154], [13.24397589, 44.74096559], [13.24406135, 44.74111265], [13.24412283, 44.74124337], [13.24420146, 44.74135288], [13.24427236, 44.74146958], [13.24433405, 44.74158245], [13.24439224, 44.74170707], [13.24447708, 44.74183141], [13.24454913, 44.74198341], [13.24460598, 44.74208234], [13.24465907, 44.74217593], [13.24475784, 44.74235432], [13.24484103, 44.7425071], [13.24491057, 44.74265279], [13.2449555, 44.74275942], [13.24502934, 44.74291474], [13.24511704, 44.74305102], [13.24519677, 44.74319074], [13.24527677, 44.74330941], [13.24533377, 44.74343182], [13.24539759, 44.74356191], [13.24545888, 44.74366407], [13.24551972, 44.74378034], [13.24559482, 44.74393469], [13.24565843, 44.74404448], [13.24572298, 44.74416928], [13.24578726, 44.74426872], [13.2458363, 44.74435642], [13.24587014, 44.7444292], [13.24592718, 44.7445268], [13.24600307, 44.74463452], [13.24606879, 44.74473165], [13.2461066, 44.74480017], [13.24613927, 44.7448542], [13.24619672, 44.74496249], [13.24624045, 44.74502876], [13.24629221, 44.74509665], [13.24631491, 44.7451305], [13.24635861, 44.74519772]]]}, "geometry_name": "the_geom", "properties": {"id": null, "name": "IVANA B - IVANA E", "status": "Active", "medium": "Gas, Water, Air", "operator": "INAgip", "size_in": "14 + 3 + 2", "length_m": 6890, "year": "2000", "from_loc": "IVANA B", "to_loc": "IVANA E", "country_co": "HR", "country": "Croatia", "notes": null}}, {"type": "Feature", "id": "pipelines.19", "geometry": {"type": "MultiLineString", "coordinates": [[[13.18718417, 44.61565562], [13.18711262, 44.61570457], [13.18697763, 44.61579654], [13.18697593, 44.61579796], [13.18697479, 44.615799], [13.18697364, 44.6158003], [13.18697323, 44.61580162], [13.18697281, 44.61580319], [13.18697521, 44.61580933], [13.18700132, 44.61587671], [13.21430324, 44.68731311], [13.21433366, 44.68741042], [13.21433446, 44.68741188], [13.21433554, 44.68741296], [13.21433699, 44.68741404], [13.21433882, 44.68741486], [13.21434066, 44.68741542], [13.21435623, 44.68741566], [13.21450416, 44.68741798], [13.21451529, 44.68741815], [13.2145175, 44.68741845], [13.21451934, 44.68741901], [13.21452117, 44.68741983], [13.21452262, 44.68742091], [13.21452369, 44.68742225], [13.21452438, 44.68742385], [13.21452471, 44.68742518], [13.21452412, 44.68744462], [13.21452283, 44.68748658]]]}, "geometry_name": "the_geom", "properties": {"id": null, "name": "IVANA C - IVANA B", "status": "Active", "medium": "Gas, Water, Air", "operator": "INAgip", "size_in": "6 + 3 + 2", "length_m": 8290, "year": "2005", "from_loc": "IVANA C", "to_loc": "IVANA B", "country_co": "HR", "country": "Croatia", "notes": null}}, {"type": "Feature", "id": "pipelines.14", "geometry": {"type": "MultiLineString", "coordinates": [[[13.49157212, 44.36372109], [13.49156789, 44.36374337], [13.49156063, 44.36378348], [13.49155589, 44.36381101], [13.49155274, 44.3638199], [13.49154333, 44.36384396], [13.49153943, 44.3638531], [13.49153862, 44.36385624], [13.49153854, 44.3638594], [13.49153925, 44.36386755], [13.49154145, 44.3638886], [13.4915426, 44.36390097], [13.4915429, 44.3639036], [13.49154393, 44.36390598], [13.49154534, 44.36390836], [13.49154748, 44.36391049], [13.49154999, 44.36391263], [13.49155251, 44.36391424], [13.49155505, 44.36391532], [13.49155904, 44.36391669], [13.49156232, 44.36391752], [13.49156597, 44.36391783], [13.49156964, 44.36391788], [13.49157835, 44.36391747], [13.49158981, 44.36391683], [13.4916837, 44.36391229], [13.49189516, 44.36390181], [13.4919078, 44.36390106], [13.49191184, 44.36390085], [13.49191476, 44.36390142], [13.4919184, 44.36390225], [13.49192166, 44.36390335], [13.49192456, 44.3639047], [13.49192924, 44.36390791], [13.49193174, 44.36391031], [13.49193468, 44.36391339], [13.49194066, 44.36392125], [13.49213394, 44.36545216], [13.49214076, 44.36550631], [13.49222472, 44.36617377], [13.49246507, 44.36808426], [13.49289448, 44.37133206], [13.49332705, 44.37455034], [13.49406412, 44.38025886], [13.49433408, 44.38230813], [13.49433836, 44.38234222], [13.49445785, 44.38327352], [13.49504623, 44.38775181], [13.49556157, 44.39172245], [13.49620352, 44.39658568], [13.49678302, 44.40105726], [13.49729005, 44.40520396], [13.49802554, 44.41072155], [13.49856946, 44.41494371], [13.49917499, 44.41951527], [13.49986133, 44.42477174], [13.5002438, 44.42769708], [13.50112898, 44.43451524], [13.50144995, 44.4370982], [13.50189127, 44.44059778], [13.50224218, 44.44323632], [13.50233649, 44.44394688], [13.50266091, 44.44651142], [13.50275431, 44.44728769], [13.50308169, 44.44974784], [13.50330136, 44.4514165], [13.50351845, 44.45313742], [13.50370263, 44.45454318], [13.50381062, 44.45525113], [13.5041126, 44.45754718], [13.5043056, 44.45893838], [13.5043304, 44.45915846], [13.50434775, 44.45932083], [13.50443046, 44.45981805], [13.50450305, 44.46043596], [13.50457475, 44.46097094], [13.5044776, 44.46107815], [13.5043234, 44.46108639]]]}, "geometry_name": "the_geom", "properties": {"id": null, "name": "IKA A - IDA C", "status": "Active", "medium": "Gas, Water, Air", "operator": "INAgip", "size_in": "16 + 3 + 2", "length_m": 10910, "year": "2005", "from_loc": "IKA A", "to_loc": "IDA C", "country_co": "HR", "country": "Croatia", "notes": null}}, {"type": "Feature", "id": "pipelines.22", "geometry": {"type": "MultiLineString", "coordinates": [[[13.48045262, 44.44666171], [13.48048193, 44.4466621], [13.48055492, 44.44666307], [13.48055675, 44.44666309], [13.48055857, 44.44666364], [13.48056039, 44.4466642], [13.48056184, 44.446665], [13.48056521, 44.44666751], [13.48059676, 44.44669123], [13.48060649, 44.4466982], [13.48060793, 44.44669927], [13.48060975, 44.44670008], [13.48061194, 44.44670038], [13.48061414, 44.44670041], [13.48061635, 44.44670017], [13.48061821, 44.44669941], [13.48062007, 44.44669838], [13.48062488, 44.44669528], [13.4806339, 44.44668884], [13.48064511, 44.4466811], [13.48078029, 44.44658779], [13.48078638, 44.44658359], [13.48078786, 44.44658282], [13.48078972, 44.44658206], [13.48079193, 44.44658182], [13.48079377, 44.44658158], [13.4807956, 44.44658187], [13.48079742, 44.44658242], [13.48079952, 44.44658338], [13.48080827, 44.44658861], [13.48091241, 44.44665199], [13.50431919, 44.4608131], [13.50437138, 44.46084456], [13.50438584, 44.46085342], [13.50439053, 44.46085637], [13.50439379, 44.46085826], [13.50439523, 44.46085933], [13.5043963, 44.46086066], [13.504397, 44.46086198], [13.50439733, 44.46086356], [13.50439705, 44.46087433], [13.50439504, 44.46095316], [13.50439475, 44.46096446], [13.50439435, 44.46096577], [13.50439395, 44.46096708], [13.50439281, 44.46096838], [13.50439169, 44.46096942], [13.50438907, 44.46097122], [13.50438198, 44.46097586], [13.50425234, 44.46106537]]]}, "geometry_name": "the_geom", "properties": {"id": null, "name": "IDA C - IDA B", "status": "Active", "medium": "Gas, Water, Air", "operator": "INAgip", "size_in": "6 + 3 + 2", "length_m": 2520, "year": "2005", "from_loc": "IDA C", "to_loc": "IDA  B", "country_co": "HR", "country": "Croatia", "notes": null}}, {"type": "Feature", "id": "pipelines.21", "geometry": {"type": "MultiLineString", "coordinates": [[[13.5042254, 44.46108213], [13.50408035, 44.46097464], [13.50407889, 44.46097383], [13.50407706, 44.46097301], [13.50407522, 44.46097272], [13.50407338, 44.4609727], [13.50407116, 44.46097267], [13.5040693, 44.46097317], [13.50406518, 44.4609755], [13.50393363, 44.46104787]], [[13.44482552, 44.49360425], [13.50393357, 44.46104788]], [[13.44482557, 44.49360426], [13.4447426, 44.49365], [13.44474109, 44.49365103], [13.44473994, 44.49365234], [13.44473916, 44.49365392], [13.44473876, 44.49365524], [13.44473908, 44.49365683], [13.44473979, 44.49365817], [13.44474086, 44.4936595], [13.44474375, 44.49366219], [13.44474736, 44.49366568], [13.44475891, 44.49367643], [13.44488345, 44.49379251], [13.44488742, 44.49379601], [13.44489139, 44.49380004], [13.44489205, 44.49380296], [13.44489201, 44.49380455], [13.44489123, 44.49380586], [13.44489009, 44.49380717], [13.44488873, 44.4938081], [13.44488407, 44.49381079], [13.4448792, 44.49381337], [13.44486418, 44.49382164], [13.44476862, 44.49387513], [13.44475602, 44.49388239], [13.44475192, 44.49388366], [13.4447497, 44.49388363], [13.4447331, 44.49388341], [13.4446292, 44.49388199]]]}, "geometry_name": "the_geom", "properties": {"id": null, "name": "IDA A - IDA C", "status": "Active", "medium": "Gas, Water, Air", "operator": "INAgip", "size_in": "6 + 3 + 2", "length_m": 6020, "year": "2005", "from_loc": "IDA A", "to_loc": "IDA C", "country_co": "HR", "country": "Croatia", "notes": null}}, {"type": "Feature", "id": "pipelines.15", "geometry": {"type": "MultiLineString", "coordinates": [[[13.49152306, 44.36368437], [13.49148661, 44.36368691], [13.49139486, 44.36369295], [13.49138943, 44.36369453], [13.49138529, 44.36369644], [13.49134241, 44.36371353], [13.49133673, 44.3637168], [13.49133052, 44.36372022], [13.49127474, 44.36375154], [13.49126731, 44.36375565], [13.49126546, 44.36375641], [13.49126288, 44.3637569], [13.49126104, 44.36375714], [13.49125885, 44.36375685], [13.49125667, 44.3637563], [13.49125417, 44.36375481], [13.49125126, 44.36375281], [13.49123288, 44.36374074], [13.49117026, 44.36369924], [13.49116083, 44.36369299], [13.49115837, 44.36369199], [13.4911572, 44.36369163], [13.49115501, 44.36369134], [13.49115281, 44.36369131], [13.49115096, 44.36369181], [13.49114911, 44.36369258], [13.49114725, 44.3636936], [13.49113914, 44.36370015], [13.49110201, 44.36372902], [13.4910838, 44.36374278], [13.43854802, 44.40452732], [13.43850066, 44.40456396], [13.43849094, 44.40457151], [13.4384869, 44.4045747], [13.43848567, 44.40457611], [13.43848453, 44.40457767], [13.43848412, 44.40457924], [13.43848445, 44.40458082], [13.43848514, 44.40458241], [13.4384862, 44.40458373], [13.43849372, 44.40459067], [13.43860749, 44.4046955], [13.43863826, 44.40472377], [13.43864443, 44.40472926], [13.43864507, 44.40472991], [13.43864613, 44.40473124], [13.43864683, 44.40473256], [13.43864715, 44.40473414], [13.43864674, 44.40473571], [13.43864597, 44.40473728], [13.43864484, 44.40473858], [13.4386439, 44.40473922], [13.43863665, 44.4047432], [13.43853023, 44.40480271], [13.43851503, 44.40481123], [13.43847246, 44.40483499]]]}, "geometry_name": "the_geom", "properties": {"id": null, "name": "IKA B - IKA A", "status": "Active", "medium": "Gas, Water, Air", "operator": "INAgip", "size_in": "6 + 3 + 2", "length_m": 6260, "year": "2005", "from_loc": "IKA B", "to_loc": "IKA A", "country_co": "HR", "country": "Croatia", "notes": null}}, {"type": "Feature", "id": "pipelines.16", "geometry": {"type": "MultiLineString", "coordinates": [[[13.44437613, 44.49369971], [13.4444171, 44.49367881], [13.44442589, 44.49367561], [13.44443664, 44.49367474], [13.44444539, 44.49367659], [13.44445563, 44.49368104], [13.44446636, 44.49369322], [13.44452464, 44.4937788]], [[13.44437617, 44.49370007], [13.44416854, 44.49380983], [13.43596791, 44.49822488], [13.42491628, 44.50412573], [13.40721605, 44.51357478], [13.39495225, 44.5201165], [13.3811504, 44.52743326], [13.38068664, 44.52769068], [13.38063222, 44.52771932], [13.38058845, 44.52774255], [13.38056913, 44.52774901], [13.38054929, 44.52774816], [13.38053293, 44.52774142], [13.38050935, 44.52772213], [13.38037343, 44.52760617], [13.38031623, 44.52755773]]]}, "geometry_name": "the_geom", "properties": {"id": null, "name": "IRINA - IDA A", "status": "Active", "medium": "Gas, Water, Air", "operator": "INAgip", "size_in": "6 + 3 + 2", "length_m": 6380, "year": "2008", "from_loc": "IRINA", "to_loc": "IDA A", "country_co": "HR", "country": "Croatia", "notes": null}}, {"type": "Feature", "id": "pipelines.17", "geometry": {"type": "MultiLineString", "coordinates": [[[13.26942478, 44.68259701], [13.26944028, 44.68261048], [13.26946175, 44.68262921], [13.26947294, 44.68263888], [13.26947907, 44.68264729], [13.26947931, 44.68265443], [13.26947538, 44.6826681], [13.26946416, 44.68270584], [13.26944842, 44.68275737], [13.26943689, 44.68279215], [13.26942798, 44.68282018], [13.26942396, 44.68283438], [13.26942319, 44.6828407], [13.26942509, 44.68284739], [13.26943281, 44.68285163], [13.26944372, 44.68285385], [13.26947869, 44.68285799], [13.26951445, 44.68286167], [13.26954138, 44.68286408], [13.26959761, 44.6828691], [13.26965166, 44.68287404], [13.2697075, 44.6828787], [13.26975794, 44.68288312], [13.26981755, 44.68288867], [13.26987865, 44.68289441], [13.26993474, 44.68289996], [13.26998523, 44.68290524], [13.27001952, 44.68290876], [13.2700705, 44.68291458], [13.2701121, 44.68291968], [13.27016093, 44.68292558], [13.27020815, 44.68293028], [13.27025955, 44.6829356], [13.27031007, 44.68294029], [13.27035989, 44.68294613], [13.27040666, 44.68295144], [13.27044511, 44.6829549], [13.27049761, 44.6829601], [13.27054551, 44.68296542], [13.27060377, 44.68297267], [13.27065783, 44.68297961], [13.27070269, 44.68298469], [13.27075909, 44.68299059], [13.27082508, 44.68299753], [13.27088871, 44.68300395], [13.27094983, 44.68301047], [13.27099482, 44.68301524], [13.2710496, 44.68302121], [13.27112142, 44.68302858], [13.2711655, 44.68303345], [13.27121773, 44.68303918], [13.27126389, 44.68304384], [13.27131075, 44.6830484], [13.27136269, 44.68305293], [13.27141512, 44.6830578], [13.27146891, 44.68306329], [13.27150454, 44.68306683], [13.27153569, 44.68307028], [13.27157118, 44.68307441], [13.27160499, 44.68307787], [13.27165381, 44.68308256], [13.27168133, 44.68308546], [13.27172046, 44.68308978], [13.27174957, 44.68309299], [13.27178053, 44.68309639], [13.27180928, 44.68309945], [13.27183428, 44.68310197], [13.27186534, 44.68310514], [13.27188754, 44.68310725], [13.27192384, 44.68311092], [13.27195767, 44.68311405], [13.27198944, 44.68311712], [13.27202183, 44.68312055], [13.2720486, 44.68312336], [13.27206909, 44.68312574], [13.27209233, 44.68312829], [13.27212869, 44.68313217], [13.27215829, 44.68313538], [13.27218344, 44.68313793], [13.27220932, 44.68314057], [13.27223378, 44.68314276], [13.27225428, 44.68314489], [13.27227611, 44.68314708], [13.2722948, 44.68314898], [13.2723264, 44.68315218], [13.27234592, 44.68315415], [13.27236921, 44.68315626], [13.27239272, 44.6831585], [13.27240651, 44.68315974], [13.27242642, 44.68316151], [13.27244686, 44.68316335], [13.27247526, 44.68316619], [13.272495, 44.68316809], [13.27251264, 44.68316983], [13.27254687, 44.68317338], [13.27258163, 44.68317697], [13.27260776, 44.68317961], [13.27265212, 44.68318436], [13.27268324, 44.68318774], [13.27271221, 44.68319081], [13.27273398, 44.68319303], [13.27277064, 44.68319695], [13.27279727, 44.68319935], [13.2728204, 44.68320163], [13.27284896, 44.68320443], [13.27288408, 44.68320798], [13.27291545, 44.68321108], [13.27294951, 44.68321458], [13.27298011, 44.68321788], [13.27301701, 44.68322195], [13.27305015, 44.6832257], [13.27307798, 44.68322843], [13.2731084, 44.68323144], [13.27314442, 44.68323507], [13.27318443, 44.6832392], [13.27322047, 44.68324305], [13.27325563, 44.68324686], [13.27329216, 44.68325119], [13.27332735, 44.68325532], [13.27334926, 44.68325776], [13.27339609, 44.68326267], [13.27343445, 44.68326708], [13.27345862, 44.68326985], [13.27349676, 44.68327422], [13.27352526, 44.6832774], [13.27356052, 44.68328109], [13.27359799, 44.68328485], [13.27362768, 44.68328828], [13.27367574, 44.68329365], [13.27370257, 44.68329671], [13.27373656, 44.68330085], [13.2737639, 44.68330372], [13.27379635, 44.68330698], [13.27382451, 44.68330991], [13.27386664, 44.68331434], [13.27390877, 44.68331895], [13.27394293, 44.68332212], [13.27397762, 44.68332533], [13.27400915, 44.68332813], [13.27403649, 44.68333093], [13.27407434, 44.68333471], [13.27410516, 44.68333817], [13.27413392, 44.68334101], [13.27417355, 44.68334501], [13.27420178, 44.68334783], [13.27425222, 44.68335232], [13.27428378, 44.68335493], [13.27431101, 44.68335786], [13.27434783, 44.68336142], [13.27437564, 44.68336436], [13.2744079, 44.68336723], [13.27443777, 44.68337046], [13.27447291, 44.6833742], [13.27450431, 44.68337713], [13.27453381, 44.68338001], [13.27456463, 44.68338317], [13.27461145, 44.68338815], [13.27463985, 44.68339108], [13.27467273, 44.6833944], [13.27470852, 44.68339864], [13.27474137, 44.68340218], [13.27477478, 44.68340562], [13.27480555, 44.68340859], [13.27483477, 44.68341165], [13.27486226, 44.68341438], [13.27488985, 44.68341677], [13.27491902, 44.68341982], [13.27494253, 44.68342239], [13.27496934, 44.68342521], [13.27499567, 44.68342782], [13.27503153, 44.68343218], [13.27505779, 44.68343497], [13.27508789, 44.68343819], [13.27512173, 44.68344194], [13.27515459, 44.6834454], [13.27518063, 44.68344799], [13.27520372, 44.68345031], [13.27522934, 44.68345277], [13.27524656, 44.68345459], [13.27527615, 44.68345815], [13.2752985, 44.68346091], [13.2753189, 44.68346319], [13.27534069, 44.68346552], [13.27535878, 44.68346776], [13.27538763, 44.68347098], [13.27542555, 44.68347473], [13.27546167, 44.68347802], [13.27548554, 44.68347996], [13.27551372, 44.68348248], [13.27554276, 44.68348553], [13.27558016, 44.68348934], [13.27560733, 44.68349267], [13.27564382, 44.68349671], [13.27566268, 44.68349917], [13.27569626, 44.68350303], [13.27574296, 44.68350742], [13.27578126, 44.68351154], [13.27581782, 44.68351471], [13.27585088, 44.68351787], [13.27589739, 44.68352224], [13.27592169, 44.6835249], [13.2759623, 44.68352896], [13.27600837, 44.68353428], [13.27604347, 44.68353774], [13.27608823, 44.68354187], [13.27612746, 44.68354609], [13.27617882, 44.68355283], [13.27621131, 44.68355723], [13.27624273, 44.68356048], [13.2762699, 44.68356269], [13.27630621, 44.68356546], [13.27632641, 44.68356799], [13.27634417, 44.68357004], [13.27636792, 44.68357306], [13.27639346, 44.68357544], [13.27641672, 44.68357741], [13.27643751, 44.68357924], [13.27646156, 44.68358112], [13.27648663, 44.68358319], [13.27650376, 44.68358512], [13.27654137, 44.68358971], [13.27657282, 44.68359339], [13.27659775, 44.68359652], [13.27663226, 44.68360028], [13.27666781, 44.68360334], [13.27670499, 44.68360711], [13.27674431, 44.68361183], [13.27677344, 44.68361505], [13.27681475, 44.68361958], [13.27685013, 44.68362383], [13.27688765, 44.68362801], [13.27692594, 44.68363168], [13.27696447, 44.68363496], [13.27698806, 44.6836373], [13.27701229, 44.68363972], [13.27703723, 44.68364321], [13.27705314, 44.68364526], [13.27707963, 44.68364812], [13.2771069, 44.68365068], [13.27714461, 44.68365344], [13.27718046, 44.68365676], [13.27721545, 44.68366028], [13.2772591, 44.6836654], [13.27729322, 44.68366944], [13.27733073, 44.68367404], [13.2773726, 44.68367867], [13.27740733, 44.68368227], [13.27744381, 44.68368545], [13.27748367, 44.68368869], [13.2775195, 44.68369208], [13.27755022, 44.68369576], [13.27758324, 44.68369951], [13.27761842, 44.68370366], [13.27765652, 44.68370789], [13.27770022, 44.68371217], [13.27774864, 44.68371661], [13.27777341, 44.68371905], [13.27780208, 44.68372263], [13.27783778, 44.68372668], [13.27787292, 44.68373165], [13.27790479, 44.68373552], [13.27793416, 44.6837385], [13.27797195, 44.68374195], [13.27800631, 44.68374492], [13.27804901, 44.68374819], [13.278089, 44.68375155], [13.2781215, 44.68375555], [13.27816658, 44.6837612], [13.27822705, 44.68376716], [13.27826527, 44.68377082], [13.27829586, 44.68377389], [13.27833771, 44.68377802], [13.27838487, 44.68378278], [13.27844364, 44.68378896], [13.27848791, 44.68379379], [13.27854639, 44.68379992], [13.2785808, 44.68380361], [13.27861389, 44.68380723], [13.27865075, 44.68381125], [13.27869398, 44.68381549], [13.27873299, 44.68381877], [13.27876838, 44.68382162], [13.27880021, 44.68382446], [13.27884797, 44.68382974], [13.27888687, 44.68383354], [13.27892333, 44.68383742], [13.27895927, 44.68384145], [13.27899594, 44.68384519], [13.27902799, 44.68384887], [13.27906624, 44.68385333], [13.27909571, 44.68385682], [13.27912992, 44.68385999], [13.27915904, 44.68386223], [13.27920503, 44.68386637], [13.27924907, 44.68387091], [13.27928061, 44.68387408], [13.27930666, 44.68387693], [13.27934202, 44.68388007], [13.27936284, 44.68388196], [13.27938545, 44.6838839], [13.2794029, 44.68388522], [13.27942376, 44.68388721], [13.27945006, 44.68388979], [13.27947431, 44.68389229], [13.2794944, 44.68389447], [13.27951714, 44.68389689], [13.27954832, 44.6839006], [13.27957261, 44.68390308], [13.27961041, 44.68390683], [13.27965198, 44.6839112], [13.27970423, 44.6839166], [13.27972992, 44.68391941], [13.27975797, 44.68392231], [13.27979147, 44.68392682], [13.27981591, 44.68392969], [13.27984434, 44.68393279], [13.27988079, 44.6839365], [13.2799104, 44.68393883], [13.27994582, 44.68394206], [13.27997137, 44.68394445], [13.27999661, 44.68394677], [13.28002203, 44.68394957], [13.28004911, 44.6839531], [13.28008055, 44.68395693], [13.28010361, 44.68396045], [13.28013875, 44.68396445], [13.28016824, 44.6839677], [13.28019126, 44.68396952], [13.28022266, 44.68397201], [13.28025781, 44.68397502], [13.28029996, 44.68397925], [13.28033874, 44.68398378], [13.28037298, 44.68398692], [13.28042066, 44.68399188], [13.28044833, 44.68399478], [13.2804796, 44.68399773], [13.28052147, 44.68400234], [13.28054521, 44.68400556], [13.28057761, 44.68400929], [13.28062621, 44.68401539], [13.28066554, 44.68402033], [13.28072313, 44.68402706], [13.28077887, 44.6840337], [13.28082119, 44.68403789], [13.28085189, 44.68404138], [13.2809067, 44.68404608], [13.28093931, 44.6840481], [13.2809807, 44.68405177], [13.28102399, 44.68405555], [13.28106054, 44.68405864], [13.28110339, 44.68406299], [13.2811389, 44.68406587], [13.28117343, 44.6840684], [13.28120764, 44.68407135], [13.28123053, 44.68407413], [13.28126313, 44.6840775], [13.28131149, 44.68408291], [13.28135879, 44.68408846], [13.28139463, 44.6840933], [13.2814314, 44.68409817], [13.28148032, 44.68410418], [13.28151983, 44.68410906], [13.28158164, 44.68411797], [13.28163697, 44.68412494], [13.28171153, 44.68413278], [13.28177527, 44.68413992], [13.28192171, 44.68415133], [13.28198604, 44.68415657], [13.28208713, 44.68416401], [13.28215435, 44.68417147], [13.28221865, 44.68417807], [13.28226656, 44.68418327], [13.28231731, 44.68418744], [13.28235828, 44.68419135], [13.28239596, 44.68419386], [13.28244686, 44.68419872], [13.28251823, 44.68420556], [13.28258082, 44.68421145], [13.28262776, 44.68421622], [13.28267562, 44.68422257], [13.28271732, 44.68422747], [13.28277224, 44.68423419], [13.28280984, 44.68423831], [13.28286017, 44.68424281], [13.28289853, 44.68424633], [13.28294461, 44.68425123], [13.28300188, 44.68425806], [13.28304497, 44.68426259], [13.28313413, 44.68427117], [13.28317371, 44.6842749], [13.28320276, 44.68427769], [13.28323429, 44.68428107], [13.28326948, 44.684285], [13.28331135, 44.68428904], [13.28333418, 44.68429107], [13.28336166, 44.68429302], [13.28337899, 44.68429447], [13.28340764, 44.68429698], [13.28343901, 44.68429997], [13.28346756, 44.68430308], [13.28349715, 44.68430585], [13.28351187, 44.68430729], [13.28355942, 44.68431254], [13.28359469, 44.68431638], [13.28363372, 44.68432056], [13.28367036, 44.68432391], [13.28369153, 44.68432587], [13.28373795, 44.68433039], [13.28375521, 44.68433261], [13.28377384, 44.68433483], [13.28380171, 44.68433892], [13.28382976, 44.68434242], [13.2838584, 44.6843458], [13.28388071, 44.68434833], [13.28390159, 44.68435046], [13.2839225, 44.6843529], [13.28394527, 44.68435549], [13.2839574, 44.68435673], [13.28397486, 44.68435818], [13.28399212, 44.68435973], [13.28401215, 44.68436142], [13.28402728, 44.68436266], [13.28404368, 44.68436445], [13.28405611, 44.68436603], [13.28408506, 44.68436971], [13.28411403, 44.68437292], [13.28415123, 44.68437729], [13.28418093, 44.68437987], [13.28421634, 44.68438307], [13.2842434, 44.6843857], [13.28426403, 44.68438764], [13.28431009, 44.68439215], [13.28434632, 44.68439606], [13.28436613, 44.68439861], [13.28443148, 44.6844064], [13.28448495, 44.68441196], [13.28452963, 44.68441614], [13.28459782, 44.68442281], [13.28463386, 44.68442656], [13.284664, 44.68442999], [13.28468978, 44.68443293], [13.28471257, 44.68443596], [13.28473676, 44.68443873], [13.28476681, 44.68444169], [13.28478784, 44.68444392], [13.28481018, 44.68444565], [13.28483819, 44.68444803], [13.28486486, 44.6844508], [13.28488658, 44.68445331], [13.28490868, 44.68445508], [13.28492913, 44.68445717], [13.2849592, 44.68446049], [13.28499062, 44.68446369], [13.28501672, 44.68446668], [13.28504646, 44.68446879], [13.2850692, 44.68447073], [13.28509118, 44.68447323], [13.28512311, 44.68447675], [13.28518096, 44.68448271], [13.28521597, 44.68448672], [13.28523799, 44.68448905], [13.28527464, 44.6844928], [13.28531867, 44.68449732], [13.28535274, 44.68450111], [13.28537882, 44.68450408], [13.28540394, 44.68450698], [13.28542774, 44.68451025], [13.28547877, 44.68451636], [13.2855247, 44.68452175], [13.28555855, 44.68452471], [13.28559551, 44.68452818], [13.28563376, 44.68453214], [13.2856796, 44.68453728], [13.28572203, 44.68454187], [13.285755, 44.68454577], [13.28578547, 44.68454977], [13.28582253, 44.68455431], [13.28585831, 44.68455785], [13.28589091, 44.6845606], [13.28591586, 44.68456281], [13.28593292, 44.68456481], [13.285961, 44.68456713], [13.28598067, 44.68456917], [13.28599867, 44.68457091], [13.2860175, 44.68457312], [13.28604099, 44.68457601], [13.28606152, 44.68457811], [13.28608576, 44.68458128], [13.28611227, 44.68458408], [13.28614567, 44.68458737], [13.28617588, 44.68459036], [13.28620225, 44.68459285], [13.28622717, 44.68459474], [13.28625255, 44.68459655], [13.2862757, 44.68459848], [13.28629225, 44.68459993], [13.2863139, 44.68460246], [13.28633232, 44.68460441], [13.2863495, 44.68460626], [13.28637169, 44.68460959], [13.28639004, 44.68461236], [13.28641106, 44.68461494], [13.28643466, 44.6846183], [13.28646619, 44.68462254], [13.28649193, 44.68462493], [13.28652608, 44.68462743], [13.28655735, 44.68463006], [13.28658526, 44.68463185], [13.28661171, 44.68463375], [13.28663275, 44.68463543], [13.28665767, 44.68463745], [13.28668367, 44.68464005], [13.28670987, 44.68464262], [13.28673742, 44.68464576], [13.28676277, 44.68464848], [13.28678871, 44.68465158], [13.2868181, 44.68465502], [13.28684637, 44.68465797], [13.28687596, 44.6846613], [13.28690646, 44.68466401], [13.28693254, 44.68466622], [13.28696708, 44.68466905], [13.28699337, 44.68467161], [13.28702427, 44.6846748], [13.28704752, 44.68467769], [13.28706781, 44.68468053], [13.2870842, 44.6846826], [13.28710462, 44.68468514], [13.28713063, 44.68468813], [13.28715281, 44.6846904], [13.28717223, 44.68469257], [13.28720131, 44.68469515], [13.28722757, 44.68469712], [13.28725604, 44.68469961], [13.28727453, 44.68470135], [13.28728892, 44.68470277], [13.28730619, 44.68470461], [13.28731996, 44.68470613], [13.28733721, 44.68470835], [13.28735592, 44.68471011], [13.28737343, 44.68471228], [13.28738973, 44.68471424], [13.2874069, 44.68471605], [13.28742708, 44.68471843], [13.28745179, 44.68472121], [13.28747264, 44.68472343], [13.28750051, 44.68472652], [13.28754223, 44.68473025], [13.28757181, 44.68473295], [13.28760401, 44.68473672], [13.28762409, 44.68473911], [13.28765154, 44.68474166], [13.28766977, 44.68474338], [13.28770254, 44.68474685], [13.28773764, 44.68475046], [13.28777748, 44.68475434], [13.28780613, 44.68475707], [13.28783423, 44.68475965], [13.28785112, 44.68476088], [13.2878719, 44.68476261], [13.28789531, 44.6847649], [13.28792218, 44.68476787], [13.28794123, 44.68476966], [13.28796551, 44.68477223], [13.28799299, 44.68477474], [13.2880236, 44.68477731], [13.2880464, 44.68477932], [13.28806486, 44.68478085], [13.28807934, 44.68478206], [13.28809545, 44.68478347], [13.28811542, 44.68478551], [13.28813488, 44.68478828], [13.2881563, 44.68479087], [13.28817422, 44.68479316], [13.28820238, 44.68479641], [13.28822964, 44.6847997], [13.28826315, 44.68480317], [13.28828447, 44.68480515], [13.28830109, 44.68480699], [13.28832379, 44.68480913], [13.28833782, 44.68481036], [13.28835596, 44.6848122], [13.28838038, 44.6848145], [13.28840059, 44.68481633], [13.28841925, 44.6848184], [13.28844536, 44.68482101], [13.28846651, 44.68482314], [13.28848634, 44.68482478], [13.28851465, 44.68482735], [13.28853491, 44.68482934], [13.28854833, 44.68483071], [13.288559, 44.68483228], [13.28857111, 44.68483372], [13.28858068, 44.68483513], [13.28859389, 44.68483686], [13.28860981, 44.68483881], [13.28862754, 44.68484091], [13.28864741, 44.68484294], [13.28866476, 44.68484491], [13.28868712, 44.68484765], [13.28870732, 44.68484967], [13.28873313, 44.68485184], [13.28876137, 44.68485461], [13.28878351, 44.68485634], [13.28880206, 44.68485795], [13.28882035, 44.68485956], [13.28883212, 44.68486057], [13.28885745, 44.68486282], [13.28887321, 44.68486419], [13.28889185, 44.68486583], [13.28891508, 44.68486846], [13.28893537, 44.68487122], [13.2889619, 44.68487444], [13.28898231, 44.68487703], [13.28899919, 44.68487939], [13.28902401, 44.68488269], [13.28904949, 44.68488549], [13.28907207, 44.68488811], [13.28909142, 44.68489006], [13.2891188, 44.68489276], [13.28913803, 44.68489462], [13.28916692, 44.68489777], [13.28918776, 44.6849], [13.28921288, 44.68490209], [13.28923879, 44.68490456], [13.28925831, 44.68490642], [13.28927891, 44.6849088], [13.28930347, 44.68491147], [13.2893322, 44.68491511], [13.28935309, 44.68491703], [13.2893722, 44.6849186], [13.28939525, 44.68492028], [13.28941428, 44.68492199], [13.28943326, 44.68492352], [13.28945313, 44.684926], [13.28947509, 44.68492772], [13.28949311, 44.68492994], [13.28951106, 44.68493195], [13.28952357, 44.68493395], [13.28954467, 44.68493618], [13.28956972, 44.68493909], [13.28958728, 44.68494098], [13.28960722, 44.68494303], [13.28962445, 44.68494521], [13.28965789, 44.68494848], [13.28969535, 44.68495257], [13.28973972, 44.68495699], [13.28976615, 44.68496027], [13.28979334, 44.68496327], [13.28982805, 44.68496711], [13.28985343, 44.68496965], [13.28988365, 44.68497195], [13.28991415, 44.68497475], [13.28995003, 44.68497875], [13.28998174, 44.68498212], [13.29001297, 44.6849849], [13.29004501, 44.68498779], [13.29006792, 44.68498987], [13.29008978, 44.68499225], [13.29011966, 44.68499574], [13.29014678, 44.68499988], [13.29018249, 44.68500433], [13.29020988, 44.68500733], [13.29023225, 44.68500925], [13.29026194, 44.68501231], [13.29029598, 44.68501569], [13.2903283, 44.68501807], [13.29035691, 44.6850208], [13.29039021, 44.68502446], [13.29042859, 44.6850282], [13.29047169, 44.68503289], [13.29049817, 44.68503567], [13.29052985, 44.68503853], [13.29056745, 44.68504311], [13.29059536, 44.68504588], [13.29062206, 44.68504824], [13.29064591, 44.68505083], [13.29067974, 44.68505459], [13.29071766, 44.68505884], [13.29073888, 44.68506105], [13.29076178, 44.6850633], [13.29078819, 44.68506635], [13.29082084, 44.68507002], [13.29085537, 44.6850734], [13.29088015, 44.68507579], [13.29090848, 44.68507889], [13.29093969, 44.685082], [13.29096184, 44.68508434], [13.29098641, 44.68508718], [13.29101445, 44.68509064], [13.29104605, 44.68509471], [13.29107692, 44.68509778], [13.29109769, 44.68509925], [13.29112667, 44.68510165], [13.29115376, 44.68510426], [13.29118062, 44.68510635], [13.29120856, 44.68510856], [13.29123087, 44.685111], [13.29126051, 44.68511391], [13.29129494, 44.6851177], [13.29132267, 44.68512115], [13.29134329, 44.68512382], [13.29137521, 44.68512726], [13.29140753, 44.68513041], [13.29143133, 44.68513328], [13.2914552, 44.68513579], [13.29149075, 44.68513967], [13.29151729, 44.68514287], [13.29154335, 44.68514527], [13.2915692, 44.68514825], [13.29158484, 44.68515015], [13.29161266, 44.68515255], [13.29163526, 44.68515436], [13.29166753, 44.68515781], [13.29168964, 44.68515999], [13.29170738, 44.68516183], [13.29172921, 44.6851648], [13.29175896, 44.68516865], [13.2917861, 44.68517132], [13.29181207, 44.68517392], [13.29183637, 44.68517637], [13.29186884, 44.68517935], [13.29190674, 44.68518314], [13.29193804, 44.68518581], [13.29196312, 44.68518791], [13.29199312, 44.68519058], [13.2920201, 44.68519283], [13.29204957, 44.68519545], [13.29208182, 44.68519857], [13.29212484, 44.68520331], [13.29215927, 44.68520738], [13.29218603, 44.68521115], [13.29223136, 44.68521712], [13.29226658, 44.68522102], [13.29229665, 44.68522387], [13.29232311, 44.6852264], [13.29234921, 44.68522938], [13.29238414, 44.68523288], [13.29240936, 44.68523502], [13.29243824, 44.68523775], [13.2924655, 44.68523976], [13.29249089, 44.68524225], [13.29250937, 44.68524452], [13.29255234, 44.68524998], [13.29258654, 44.68525376], [13.29261351, 44.68525617], [13.29263937, 44.68525962], [13.29267109, 44.68526412], [13.29269056, 44.68526605], [13.29272942, 44.68526969], [13.29275963, 44.68527283], [13.29278672, 44.68527573], [13.29285436, 44.68528155], [13.29288404, 44.68528458], [13.29291684, 44.685288], [13.29294175, 44.68529077], [13.29296437, 44.68529292], [13.29298157, 44.68529472], [13.29299998, 44.68529707], [13.29302699, 44.68529948], [13.29305459, 44.68530244], [13.29308867, 44.68530415], [13.29311043, 44.68530641], [13.29313763, 44.68531003], [13.29315836, 44.68531227], [13.29317981, 44.68531493], [13.293198, 44.68531683], [13.29321394, 44.6853186], [13.29323702, 44.68532077], [13.29326081, 44.68532328], [13.29328819, 44.68532612], [13.29331689, 44.68532912], [13.29334639, 44.685332], [13.29337095, 44.68533398], [13.29338789, 44.68533544], [13.29341429, 44.68533814], [13.29343458, 44.68534009], [13.29345568, 44.68534237], [13.29348444, 44.68534488], [13.29351199, 44.68534813], [13.29353849, 44.68535097], [13.293566, 44.68535398], [13.29359969, 44.6853581], [13.29362569, 44.68536136], [13.29365082, 44.68536343], [13.29367593, 44.68536507], [13.29370037, 44.68536719], [13.29372626, 44.68537019], [13.29375247, 44.68537228], [13.29377094, 44.68537457], [13.2937914, 44.68537632], [13.29381385, 44.68537939], [13.2938308, 44.68538161], [13.29385837, 44.68538414], [13.29388716, 44.68538643], [13.2939176, 44.68538848], [13.2939329, 44.68539014], [13.29395309, 44.68539204], [13.2939749, 44.68539431], [13.29400584, 44.6853984], [13.29403562, 44.68540167], [13.29406879, 44.68540542], [13.2940906, 44.6854076], [13.29411543, 44.68541083], [13.29414699, 44.68541459], [13.29418024, 44.68541902], [13.29420648, 44.68542189], [13.29423197, 44.68542387], [13.29426964, 44.68542751], [13.29429849, 44.68542991], [13.29432584, 44.68543194], [13.29435141, 44.68543335], [13.29436736, 44.68543458], [13.29438624, 44.68543612], [13.29440074, 44.68543772], [13.29441842, 44.68543956], [13.29443678, 44.68544177], [13.29445589, 44.68544396], [13.29447663, 44.68544609], [13.29449879, 44.6854483], [13.29452197, 44.68545099], [13.29454826, 44.6854535], [13.29461599, 44.68546057], [13.29467557, 44.68546606], [13.29471746, 44.6854706], [13.29476226, 44.68547592], [13.29480737, 44.68548119], [13.2948361, 44.6854848], [13.29487885, 44.68549025], [13.29491615, 44.685494], [13.29495716, 44.68549866], [13.29500149, 44.68550234], [13.29503896, 44.68550518], [13.29506849, 44.68550805], [13.29510072, 44.6855113], [13.29513212, 44.68551387], [13.29516167, 44.68551641], [13.29519278, 44.68551967], [13.29522284, 44.68552261], [13.29524893, 44.68552588], [13.29528997, 44.68553026], [13.29532705, 44.68553384], [13.2953603, 44.68553763], [13.29538709, 44.68553999], [13.29540893, 44.68554172], [13.29542392, 44.68554308], [13.29544366, 44.68554469], [13.29546139, 44.68554646], [13.2954982, 44.68555097], [13.29551672, 44.68555343], [13.29553902, 44.68555589], [13.29556684, 44.68555896], [13.29559224, 44.68556179], [13.29562436, 44.6855647], [13.29564787, 44.68556721], [13.29567341, 44.68556955], [13.29569323, 44.68557165], [13.29571713, 44.68557437], [13.29574374, 44.68557683], [13.29576477, 44.68557827], [13.29579512, 44.68558192], [13.29581036, 44.68558373], [13.29583821, 44.68558697], [13.2958652, 44.68559008], [13.2958914, 44.68559245], [13.29592012, 44.68559535], [13.29594869, 44.68559827], [13.29598294, 44.68560205], [13.2960086, 44.68560476], [13.29604036, 44.68560772], [13.29606454, 44.68561067], [13.29611871, 44.6856174], [13.29613826, 44.68561948], [13.29615975, 44.68562145], [13.29619374, 44.68562501], [13.29622164, 44.68562827], [13.29624382, 44.68563095], [13.29627908, 44.68563477], [13.29630387, 44.68563725], [13.29632216, 44.68563888], [13.29634665, 44.6856418], [13.29636791, 44.68564374], [13.29639236, 44.68564574], [13.29641106, 44.68564719], [13.29642723, 44.68564845], [13.2964446, 44.68564995], [13.29646954, 44.68565285], [13.29648889, 44.68565484], [13.2965088, 44.6856571], [13.29653081, 44.6856597], [13.29655221, 44.68566302], [13.29656758, 44.68566504], [13.2965891, 44.6856678], [13.29660434, 44.68566915], [13.29662457, 44.68567054], [13.29664287, 44.68567248], [13.29665549, 44.68567386], [13.29667484, 44.68567623], [13.29669559, 44.68567833], [13.29671649, 44.68567977], [13.29673822, 44.68568169], [13.29675695, 44.68568292], [13.29677742, 44.68568482], [13.29679529, 44.68568649], [13.29682212, 44.68568958], [13.2968422, 44.68569217], [13.29686395, 44.68569473], [13.29688244, 44.68569711], [13.29689975, 44.68569901], [13.29691696, 44.68570024], [13.29693679, 44.68570257], [13.29695545, 44.68570487], [13.29698218, 44.68570747], [13.29700715, 44.6857103], [13.29703136, 44.68571299], [13.2970558, 44.68571546], [13.29708038, 44.68571807], [13.29711547, 44.68572109], [13.297146, 44.68572332], [13.29717515, 44.68572653], [13.29720253, 44.68572945], [13.29723295, 44.68573213], [13.29725869, 44.68573376], [13.29727688, 44.6857356], [13.29730388, 44.68573756], [13.29732682, 44.68574009], [13.29735126, 44.68574297], [13.29738265, 44.68574664], [13.29741011, 44.68575075], [13.29742431, 44.68575274], [13.29745364, 44.68575545], [13.29747168, 44.68575737], [13.29751158, 44.68576146], [13.29754653, 44.68576531], [13.29758044, 44.68576883], [13.29761006, 44.68577182], [13.29763831, 44.68577444], [13.29765857, 44.68577649], [13.29768115, 44.68577879], [13.29770136, 44.68578093], [13.29772218, 44.685783], [13.29774985, 44.68578617], [13.29778428, 44.68578948], [13.29781028, 44.68579177], [13.29782886, 44.68579303], [13.29784562, 44.68579453], [13.29786491, 44.68579663], [13.2978807, 44.68579756], [13.29790004, 44.68579932], [13.2979238, 44.68580087], [13.29795665, 44.68580326], [13.29797086, 44.68580502], [13.29800141, 44.68580866], [13.29803105, 44.68581243], [13.29805341, 44.68581571], [13.2980751, 44.68581805], [13.29809732, 44.68582129], [13.29811469, 44.68582409], [13.29813759, 44.68582702], [13.29816315, 44.68583082], [13.29817776, 44.68583266], [13.29819735, 44.68583438], [13.29822102, 44.68583657], [13.29824184, 44.68583836], [13.29826219, 44.68583845], [13.29829146, 44.68583987], [13.29831242, 44.68584212], [13.29832907, 44.68584348], [13.29834474, 44.68584523], [13.29836777, 44.68584779], [13.29838024, 44.68584939], [13.29839374, 44.68585157], [13.29841424, 44.68585445], [13.29842927, 44.68585697], [13.29844707, 44.68586005], [13.29846086, 44.68586163], [13.29847926, 44.68586346], [13.29849458, 44.68586525], [13.2985129, 44.68586811], [13.29852787, 44.68586979], [13.29855791, 44.68587207], [13.29857954, 44.68587367], [13.29860193, 44.68587548], [13.29862911, 44.68587836], [13.29864923, 44.68588041], [13.29867092, 44.6858828], [13.29870073, 44.68588555], [13.29874105, 44.68589011], [13.29877567, 44.68589458], [13.29881644, 44.68590052], [13.29884869, 44.6859044], [13.29888096, 44.68590793], [13.29891655, 44.68591122], [13.2989514, 44.68591415], [13.29898875, 44.68591735], [13.29901861, 44.68592071], [13.29905065, 44.68592471], [13.29909251, 44.6859298], [13.2991257, 44.6859342], [13.29915871, 44.68593807], [13.29919446, 44.685942], [13.29923085, 44.68594549], [13.29925586, 44.68594891], [13.29929465, 44.68595234], [13.29932764, 44.68595552], [13.29935671, 44.68595877], [13.29938831, 44.6859631], [13.29944049, 44.68596932], [13.29948903, 44.68597456], [13.29950926, 44.68597633], [13.2995491, 44.6859798], [13.2995887, 44.68598351], [13.29961968, 44.68598736], [13.29965814, 44.6859914], [13.29968561, 44.68599423], [13.29972929, 44.68599817], [13.29977376, 44.68600203], [13.29983066, 44.68600819], [13.29987287, 44.68601402], [13.29990428, 44.6860181], [13.29994941, 44.6860223], [13.2999815, 44.68602515], [13.30002583, 44.68602892], [13.30006554, 44.68603271], [13.30010563, 44.6860357], [13.30013852, 44.68603799], [13.30017799, 44.6860431], [13.30021091, 44.68604666], [13.30023638, 44.68605008], [13.30027082, 44.68605398], [13.30030729, 44.68605882], [13.30034954, 44.68606411], [13.30038354, 44.68606828], [13.30041242, 44.68607058], [13.30044745, 44.6860728], [13.30048816, 44.68607628], [13.30051743, 44.68607836], [13.30054536, 44.68608228], [13.3005724, 44.68608449], [13.30061137, 44.68608747], [13.30064378, 44.68608998], [13.30068977, 44.68609427], [13.30072056, 44.68609656], [13.3007577, 44.68610016], [13.30079897, 44.68610485], [13.3008372, 44.68610971], [13.30086786, 44.68611435], [13.30089663, 44.68611692], [13.30093682, 44.68612149], [13.30096685, 44.68612408], [13.30102624, 44.68612872], [13.30105765, 44.68613314], [13.30110686, 44.6861383], [13.30113401, 44.68614187], [13.30117868, 44.68614524], [13.30121152, 44.68614946], [13.301248, 44.68615227], [13.30127489, 44.68615414], [13.30130968, 44.68615635], [13.30133812, 44.68615937], [13.30136364, 44.68616235], [13.30139163, 44.68616457], [13.30141909, 44.68616814], [13.3014624, 44.68617404], [13.30149638, 44.68617825], [13.30152803, 44.68618209], [13.30157632, 44.68618709], [13.30161485, 44.68619043], [13.30164972, 44.68619404], [13.30168541, 44.68619726], [13.30172185, 44.68620132], [13.30175373, 44.68620387], [13.3017811, 44.68620623], [13.30181098, 44.68620906], [13.30186177, 44.68621454], [13.30190086, 44.6862188], [13.30194428, 44.68622236], [13.30198655, 44.68622673], [13.30201061, 44.68622925], [13.30204628, 44.68623429], [13.30208348, 44.68623788], [13.30210538, 44.68624023], [13.30213302, 44.68624254], [13.30215547, 44.68624478], [13.30217777, 44.68624698], [13.30220277, 44.68624864], [13.3022289, 44.68625101], [13.30224533, 44.6862526], [13.3022659, 44.686255], [13.30228455, 44.68625641], [13.30231277, 44.68626063], [13.30233321, 44.68626324], [13.30237295, 44.68626777], [13.30240391, 44.68627044], [13.30243034, 44.68627294], [13.30245262, 44.68627508], [13.30249953, 44.6862782], [13.3025296, 44.68628046], [13.30254985, 44.68628185], [13.30258389, 44.68628561], [13.30262145, 44.68628982], [13.30266637, 44.6862941], [13.30270625, 44.68629879], [13.30273909, 44.68630298], [13.30275835, 44.68630519], [13.30278513, 44.68630738], [13.3028127, 44.68630921], [13.30283996, 44.68631182], [13.30286652, 44.68631454], [13.30288968, 44.6863165], [13.30292461, 44.68632005], [13.30295206, 44.6863239], [13.3029809, 44.6863274], [13.30301749, 44.68633213], [13.3030491, 44.68633552], [13.30308178, 44.68633824], [13.30310729, 44.68634048], [13.30313419, 44.68634277], [13.30316248, 44.68634525], [13.30318732, 44.686348], [13.3032178, 44.68635191], [13.30325917, 44.68635631], [13.30329506, 44.68636024], [13.30333214, 44.68636395], [13.30337281, 44.68636801], [13.30340552, 44.68637129], [13.30343893, 44.68637477], [13.3034683, 44.68637739], [13.30350988, 44.68638117], [13.3035544, 44.68638633], [13.30359828, 44.686391], [13.30363489, 44.68639508], [13.30366262, 44.68639807], [13.30371841, 44.68640366], [13.30376265, 44.68640674], [13.30378616, 44.68640904], [13.30382101, 44.68641268], [13.30385396, 44.6864161], [13.30389884, 44.6864211], [13.30393016, 44.68642431], [13.30395826, 44.68642705], [13.30398814, 44.68642961], [13.30403195, 44.686433], [13.30406537, 44.68643634], [13.30410199, 44.68643981], [13.30412466, 44.68644259], [13.30414895, 44.68644533], [13.3041736, 44.68644857], [13.30419727, 44.68645142], [13.30422736, 44.68645486], [13.30425121, 44.68645766], [13.30427402, 44.68646027], [13.30430977, 44.68646378], [13.30432965, 44.6864657], [13.30435746, 44.68646792], [13.30437943, 44.68646983], [13.3043988, 44.68647208], [13.3044189, 44.68647388], [13.30444869, 44.68647817], [13.3044843, 44.68648242], [13.30451099, 44.68648574], [13.30453293, 44.68648799], [13.30455464, 44.68649044], [13.30458032, 44.68649331], [13.30460465, 44.68649603], [13.30462629, 44.68649779], [13.30464844, 44.68649961], [13.30466936, 44.6865011], [13.30468882, 44.68650305], [13.3047153, 44.6865058], [13.30473644, 44.68650824], [13.30476345, 44.68651116], [13.30480322, 44.68651578], [13.30484469, 44.68652043], [13.30486836, 44.68652299], [13.30489655, 44.68652566], [13.30491498, 44.68652794], [13.30494553, 44.68653029], [13.30497053, 44.68653275], [13.30498882, 44.68653465], [13.30500482, 44.68653639], [13.30502968, 44.6865393], [13.30504741, 44.68654175], [13.30507498, 44.68654494], [13.30509574, 44.68654756], [13.30511031, 44.6865494], [13.30512729, 44.68655123], [13.30514603, 44.68655355], [13.30516377, 44.68655523], [13.30519506, 44.68655909], [13.30521211, 44.68656154], [13.30523221, 44.68656343], [13.30525129, 44.68656434], [13.30527085, 44.68656605], [13.30529106, 44.68656816], [13.30531611, 44.68657032], [13.30533674, 44.68657241], [13.30535557, 44.6865741], [13.30537826, 44.68657695], [13.30539334, 44.68657859], [13.30541792, 44.68658053], [13.30544328, 44.68658349], [13.30546299, 44.68658606], [13.30548512, 44.68658918], [13.30550769, 44.68659187], [13.30553284, 44.68659494], [13.3055552, 44.6865974], [13.30557461, 44.68660014], [13.3055961, 44.68660211], [13.30562083, 44.68660367], [13.30564336, 44.68660534], [13.30566172, 44.68660679], [13.30568263, 44.68660885], [13.30570773, 44.6866111], [13.30572817, 44.68661303], [13.30574883, 44.68661584], [13.30576577, 44.68661835], [13.30579011, 44.68662114], [13.3058146, 44.68662398], [13.30584002, 44.68662607], [13.30586656, 44.68662867], [13.30589313, 44.68663064], [13.30591392, 44.68663206], [13.30593496, 44.68663411], [13.30596263, 44.68663689], [13.30598633, 44.68663951], [13.30601096, 44.68664217], [13.30604361, 44.68664575], [13.30606036, 44.68664786], [13.30608335, 44.68664957], [13.30610526, 44.68665202], [13.30613018, 44.68665531], [13.30615837, 44.68665849], [13.30618455, 44.68666115], [13.30620977, 44.6866639], [13.30623069, 44.68666611], [13.30625732, 44.68666919], [13.3062819, 44.68667326], [13.30630915, 44.68667589], [13.30633772, 44.68667898], [13.30636239, 44.68668155], [13.30639183, 44.686685], [13.30641363, 44.68668775], [13.30643802, 44.68669097], [13.30646502, 44.68669395], [13.3064895, 44.68669577], [13.30651008, 44.68669774], [13.3065296, 44.68669971], [13.3065516, 44.68670137], [13.30656176, 44.68670264], [13.30658377, 44.68670397], [13.3066, 44.68670521], [13.30661548, 44.68670655], [13.30663219, 44.68670818], [13.30665169, 44.68671026], [13.30667094, 44.68671221], [13.30668229, 44.68671366], [13.30669978, 44.68671568], [13.30671621, 44.68671742], [13.30673527, 44.68671975], [13.30675528, 44.68672202], [13.3067749, 44.68672418], [13.30679554, 44.68672661], [13.30681632, 44.686729], [13.30683891, 44.6867318], [13.3068566, 44.68673404], [13.3068721, 44.6867356], [13.30688525, 44.68673729], [13.30691362, 44.68674007], [13.30693529, 44.68674186], [13.30695679, 44.68674368], [13.30698129, 44.6867461], [13.30700248, 44.68674789], [13.30701907, 44.68674974], [13.3070345, 44.68675136], [13.30705204, 44.68675301], [13.30706636, 44.68675413], [13.30708298, 44.68675561], [13.30710423, 44.6867571], [13.30712512, 44.68675909], [13.30714491, 44.68676057], [13.30718484, 44.68676466], [13.30722693, 44.68676849], [13.30726572, 44.68677316], [13.30730147, 44.68677711], [13.30733237, 44.68678066], [13.30736126, 44.68678459], [13.30738855, 44.6867873], [13.30741517, 44.68678966], [13.30744373, 44.68679158], [13.30746887, 44.68679365], [13.30750044, 44.68679683], [13.30752508, 44.68679964], [13.30755054, 44.68680298], [13.30757522, 44.68680698], [13.30759749, 44.6868095], [13.30761875, 44.68681173], [13.30764462, 44.6868146], [13.30766283, 44.68681639], [13.30768532, 44.68681885], [13.30770943, 44.68682104], [13.30773029, 44.68682274], [13.30775096, 44.68682476], [13.30778, 44.68682791], [13.30779798, 44.68682996], [13.30783144, 44.68683408], [13.30785679, 44.68683613], [13.30787798, 44.68683689], [13.30790747, 44.68683924], [13.3079276, 44.68684118], [13.30794955, 44.68684347], [13.30798316, 44.6868474], [13.30801165, 44.68685061], [13.30803681, 44.68685415], [13.30806592, 44.68685704], [13.30809695, 44.68686115], [13.30812116, 44.68686426], [13.30814189, 44.68686634], [13.30816699, 44.68686799], [13.30819054, 44.6868694], [13.30821336, 44.68687145], [13.3082401, 44.68687434], [13.30825295, 44.68687605], [13.30826957, 44.68687773], [13.30828676, 44.68687958], [13.30830286, 44.68688106], [13.30832699, 44.68688274], [13.3083484, 44.68688473], [13.30837315, 44.68688673], [13.30839457, 44.68688898], [13.3084151, 44.68689129], [13.30844146, 44.68689442], [13.30846619, 44.68689718], [13.3084821, 44.68689843], [13.30850819, 44.68690117], [13.30853307, 44.68690391], [13.30856256, 44.68690672], [13.30858524, 44.68690861], [13.30860078, 44.68690968], [13.30862567, 44.68691187], [13.30864886, 44.68691497], [13.30867121, 44.68691805], [13.30869082, 44.68691994], [13.30871203, 44.68692162], [13.30873298, 44.68692367], [13.30875757, 44.68692494], [13.30878153, 44.68692687], [13.30879888, 44.68692827], [13.30881862, 44.68693047], [13.30883881, 44.68693269], [13.3088567, 44.68693419], [13.30887521, 44.68693597], [13.30889121, 44.68693819], [13.30890802, 44.68693977], [13.30892662, 44.68694152], [13.30894312, 44.68694355], [13.30895916, 44.68694578], [13.30898583, 44.68694907], [13.30900503, 44.68695149], [13.30902103, 44.68695341], [13.30903383, 44.68695497], [13.30905438, 44.68695729], [13.30907525, 44.6869591], [13.30909134, 44.68696069], [13.30911672, 44.68696291], [13.30913343, 44.68696437], [13.30915457, 44.68696584], [13.30917725, 44.68696796], [13.30920581, 44.68697112], [13.30922145, 44.68697283], [13.30924161, 44.68697446], [13.30926944, 44.68697685], [13.30929554, 44.68697899], [13.30931172, 44.6869804], [13.30934491, 44.68698303], [13.30936214, 44.68698486], [13.30937789, 44.68698666], [13.30939258, 44.68698807], [13.30942233, 44.68699104], [13.30944213, 44.6869929], [13.3094656, 44.68699489], [13.30949059, 44.68699682], [13.30950981, 44.6869982], [13.30953622, 44.68700061], [13.30956435, 44.68700299], [13.30959068, 44.68700576], [13.30961555, 44.6870079], [13.30963994, 44.68701049], [13.30965848, 44.68701223], [13.30968138, 44.68701439], [13.30969874, 44.6870161], [13.30972503, 44.68701882], [13.30974725, 44.68702106], [13.30976928, 44.68702318], [13.30979277, 44.68702533], [13.30981997, 44.68702768], [13.30984875, 44.6870299], [13.30987953, 44.68703244], [13.30990196, 44.68703414], [13.3099238, 44.68703611], [13.30994886, 44.68703864], [13.30997387, 44.68704096], [13.31001167, 44.68704444], [13.31005929, 44.68704913], [13.31009683, 44.68705255], [13.31012995, 44.6870558], [13.3101729, 44.68705975], [13.3102208, 44.68706544], [13.31026034, 44.68706985], [13.31029844, 44.68707382], [13.31032983, 44.68707635], [13.31036088, 44.6870793], [13.31039626, 44.68708255], [13.31042547, 44.68708507], [13.31045278, 44.6870876], [13.31048284, 44.68709105], [13.31051046, 44.68709413], [13.31053582, 44.68709662], [13.31056205, 44.6870987], [13.31057936, 44.68710015], [13.31060406, 44.68710197], [13.31062482, 44.68710378], [13.31064918, 44.68710565], [13.31067769, 44.68710835], [13.31069997, 44.68711051], [13.31072128, 44.68711257], [13.31075112, 44.68711528], [13.31077935, 44.68711862], [13.31080165, 44.68712142], [13.31082292, 44.6871236], [13.3108476, 44.68712592], [13.31087719, 44.68713001], [13.31091189, 44.68713349], [13.31094783, 44.68713732], [13.31097433, 44.68713993], [13.3109964, 44.68714184], [13.31102759, 44.687145], [13.31105526, 44.6871482], [13.31107811, 44.6871507], [13.31109878, 44.6871528], [13.31112147, 44.68715559], [13.31114247, 44.68715875], [13.31117288, 44.68716233], [13.31119069, 44.68716421], [13.31122244, 44.68716727], [13.31124668, 44.68717006], [13.31127389, 44.6871724], [13.31129821, 44.68717455], [13.31132775, 44.68717742], [13.31134645, 44.6871797], [13.31137667, 44.68718279], [13.31140095, 44.68718531], [13.31141845, 44.68718726], [13.31143949, 44.68718895], [13.31146193, 44.68719033], [13.3114838, 44.687192], [13.31150566, 44.68719398], [13.31153378, 44.68719574], [13.31157372, 44.68719964], [13.31161379, 44.68720379], [13.31164647, 44.68720702], [13.31166906, 44.68720929], [13.31171168, 44.68721278], [13.31176142, 44.68721853], [13.31179936, 44.68722248], [13.3118307, 44.68722574], [13.31185866, 44.68722854], [13.31190969, 44.68723368], [13.31199581, 44.687244], [13.31206524, 44.68725158], [13.3121201, 44.68725755], [13.31219143, 44.68726428], [13.31227411, 44.68727324], [13.31231217, 44.68727707], [13.31235615, 44.6872817], [13.31240457, 44.68728666], [13.31246124, 44.6872914], [13.31265608, 44.68730898], [13.31275264, 44.68731993], [13.31286206, 44.68733151], [13.31291054, 44.68733573], [13.31297195, 44.68734123], [13.31301493, 44.68734468], [13.31308124, 44.68734944], [13.31314514, 44.68735325], [13.31317806, 44.68735444], [13.31319225, 44.68735142], [13.31320281, 44.68734648], [13.31321006, 44.68733874], [13.31321114, 44.68732852], [13.31321021, 44.68731272], [13.3132061, 44.68727076], [13.31320362, 44.68724174], [13.31320253, 44.68722481], [13.31320655, 44.68721644], [13.31322109, 44.68720394]]]}, "geometry_name": "the_geom", "properties": {"id": null, "name": "VESNA - ANA", "status": "Active", "medium": "Gas, Water, Air", "operator": "INAgip", "size_in": "10 + 3 + 2", "length_m": 3550, "year": "2008", "from_loc": "VESNA", "to_loc": "ANA", "country_co": "HR", "country": "Croatia", "notes": null}}, {"type": "Feature", "id": "pipelines.24", "geometry": {"type": "MultiLineString", "coordinates": [[[13.29413585, 44.74508719], [13.29418822, 44.74507151], [13.29418923, 44.74507119], [13.29419022, 44.74507085], [13.2941912, 44.74507049], [13.29419215, 44.7450701], [13.29419309, 44.74506968], [13.294194, 44.74506925], [13.2941949, 44.74506879], [13.29419577, 44.74506831], [13.29419661, 44.7450678], [13.29419744, 44.74506728], [13.29419823, 44.74506674], [13.294199, 44.74506617], [13.29419974, 44.74506559], [13.29420045, 44.74506499], [13.29420113, 44.74506438], [13.29420178, 44.74506374], [13.2942024, 44.74506309], [13.29420299, 44.74506243], [13.29420354, 44.74506175], [13.29420406, 44.74506106], [13.29420455, 44.74506036], [13.294205, 44.74505964], [13.29420542, 44.74505891], [13.2942058, 44.74505818], [13.29420614, 44.74505743], [13.29420645, 44.74505668], [13.29420672, 44.74505592], [13.29420695, 44.74505515], [13.29420715, 44.74505438], [13.29420731, 44.7450536], [13.29420743, 44.74505282], [13.29420751, 44.74505203], [13.29420755, 44.74505125], [13.29420755, 44.74505047], [13.29420752, 44.74504968], [13.29420744, 44.7450489], [13.29420733, 44.74504812], [13.29420718, 44.74504734], [13.294207, 44.74504656], [13.29420677, 44.7450458], [13.29420651, 44.74504503], [13.29420621, 44.74504428], [13.29420587, 44.74504353], [13.2942055, 44.74504279], [13.29420509, 44.74504206], [13.29420465, 44.74504134], [13.29420417, 44.74504064], [13.29420365, 44.74503994], [13.2940842, 44.74488504]], [[13.24666643, 44.74549737], [13.24670786, 44.745504], [13.24675537, 44.7455082], [13.24681435, 44.74551211], [13.24688329, 44.74552025], [13.24694657, 44.74552275], [13.24702404, 44.74553386], [13.24709566, 44.74554047], [13.2471619, 44.74554493], [13.24724609, 44.74555482], [13.24736595, 44.74556626], [13.24746884, 44.74557118], [13.24753319, 44.74557202], [13.24757173, 44.74557611], [13.24764245, 44.74557801], [13.24772894, 44.74558343], [13.24780253, 44.74558787], [13.24790264, 44.74558968], [13.24797662, 44.74560227], [13.24807973, 44.7456165], [13.24822745, 44.74562716], [13.24831467, 44.74563321], [13.24842146, 44.74565004], [13.24855584, 44.74566258], [13.24867317, 44.74566919], [13.24877635, 44.74567761], [13.24889414, 44.74568657], [13.2489732, 44.74569259], [13.24906528, 44.74570423], [13.24917822, 44.74571283], [13.2492848, 44.74572035], [13.24941334, 44.74572839], [13.24955711, 44.74573816], [13.24970242, 44.74574864], [13.24984362, 44.7457646], [13.24997979, 44.74577611], [13.25007778, 44.74578647], [13.25020498, 44.74579788], [13.2502994, 44.74581029], [13.25041485, 44.74581849], [13.25047204, 44.74582342], [13.25057592, 44.74582726], [13.25070844, 44.74584662], [13.250885, 44.7458566], [13.25094756, 44.74585923], [13.25103717, 44.74586595], [13.25112453, 44.74587595], [13.25123243, 44.74588557], [13.25134018, 44.74590041], [13.25145135, 44.74590567], [13.25150814, 44.74591279], [13.25160275, 44.74592347], [13.25169881, 44.74593953], [13.25183014, 44.74595078], [13.25196546, 44.74596706], [13.25211669, 44.74598135], [13.25223618, 44.74599031], [13.25234397, 44.74600049], [13.25244415, 44.74600763], [13.25248056, 44.74600991], [13.2526156, 44.74602325], [13.25276925, 44.74603777], [13.25290579, 44.74605183], [13.25302009, 44.74607544], [13.25314547, 44.74607913], [13.25328008, 44.74609476], [13.2533609, 44.74609599], [13.25348656, 44.74611136], [13.25364498, 44.74613098], [13.25377236, 44.74614593], [13.25393117, 44.74616791], [13.25405832, 44.74617527], [13.25419104, 44.74617908], [13.25431584, 44.74619028], [13.25445753, 44.74620309], [13.25463439, 44.74621164], [13.25479555, 44.74622978], [13.25492298, 44.74624007], [13.2550637, 44.74624928], [13.25518432, 44.74626534], [13.25534044, 44.74628416], [13.25546218, 44.74629857], [13.25560092, 44.74630527], [13.25574806, 44.74630636], [13.25586108, 44.7463281], [13.25597698, 44.74634312], [13.25612876, 44.74636328], [13.25624288, 44.74637464], [13.25638345, 44.74638908], [13.25654162, 44.7464145], [13.25664103, 44.74640817], [13.25675343, 44.74641121], [13.25692092, 44.74643053], [13.25708654, 44.74644675], [13.2572132, 44.74645231], [13.25749765, 44.74647219], [13.25756936, 44.74648711], [13.25775911, 44.74650561], [13.25786406, 44.74650912], [13.25797492, 44.74652483], [13.25810379, 44.74653176], [13.25822338, 44.74654014], [13.25836951, 44.74654229], [13.25848139, 44.74655693], [13.25861005, 44.74656501], [13.25875802, 44.74658364], [13.25888014, 44.74660041], [13.25898548, 44.74661501], [13.25911001, 44.74662328], [13.25921566, 44.74663617], [13.25930919, 44.74664383], [13.25945453, 44.74665464], [13.25955734, 44.74666086], [13.25965055, 44.74667024], [13.25979391, 44.74668727], [13.2599118, 44.74670481], [13.26005059, 44.74671558], [13.26016332, 44.74672564], [13.26026168, 44.74673377], [13.26037704, 44.74674291], [13.26048243, 44.74675286], [13.26063538, 44.74676672], [13.26074426, 44.74677991], [13.26086262, 44.7467905], [13.26099262, 44.74680452], [13.26110461, 44.74681859], [13.26124808, 44.74683504], [13.26136972, 44.74685002], [13.2615023, 44.74686777], [13.26159797, 44.74687273], [13.26167059, 44.74687842], [13.26176161, 44.74689516], [13.26189117, 44.746894], [13.26201061, 44.74690761], [13.26212725, 44.74690988], [13.26224814, 44.74692886], [13.2623562, 44.74693324], [13.26250911, 44.74695175], [13.26267215, 44.74696423], [13.26283032, 44.74698964], [13.26295908, 44.74699714], [13.26304845, 44.74701838], [13.26320039, 44.7470333], [13.26334793, 44.74704548], [13.26351134, 44.74706032], [13.26367427, 44.74707337], [13.26379291, 44.7470869], [13.26394726, 44.74710205], [13.26412251, 44.74710171], [13.26418178, 44.74711312], [13.26426496, 44.74711923], [13.26435076, 44.74711568], [13.2644156, 44.74712355], [13.26452673, 44.74713345], [13.26463909, 44.74714988], [13.2647646, 44.74717045], [13.26488972, 44.74717993], [13.26499253, 44.74718614], [13.26516753, 44.74720033], [13.26532644, 44.747213], [13.26548685, 44.74722639], [13.2656471, 44.74723627], [13.26580332, 44.74724577], [13.26594159, 44.7472594], [13.2660681, 44.74727018], [13.26619365, 44.74727737], [13.26631636, 44.74728661], [13.26644894, 44.74730437], [13.26653861, 44.74730642], [13.26667774, 44.74732421], [13.26676715, 44.74734079], [13.26690434, 44.74735141], [13.26704019, 44.74736481], [13.26716783, 44.74737394], [13.2673444, 44.74739293], [13.26752331, 44.74740806], [13.26765799, 44.74742776], [13.26777313, 44.7474293], [13.26792325, 44.74744521], [13.2680479, 44.74746163], [13.26816299, 44.74746783], [13.26827883, 44.74747876], [13.26841323, 44.74748678], [13.268579, 44.74749776], [13.2687969, 44.74751017], [13.2688987, 44.74752618], [13.26906004, 44.7475478], [13.2691659, 44.7475508], [13.26932026, 44.74756594], [13.26943111, 44.74757291], [13.2695801, 44.74758172], [13.26973257, 44.74759378], [13.26989959, 44.74761128], [13.26997762, 44.74761864], [13.27005771, 44.7476326], [13.27017361, 44.7476476], [13.27029922, 44.74765887], [13.27041773, 44.74765549], [13.27051539, 44.74766296], [13.27062218, 44.7476742], [13.27075047, 44.74768862], [13.27089678, 44.74770301], [13.27101263, 44.74771393], [13.27116576, 44.74773129], [13.27128215, 44.74774809], [13.27142147, 44.74774725], [13.27155078, 44.74776061], [13.27167287, 44.74778202], [13.27178586, 44.74778628], [13.27190315, 44.74779385], [13.27205305, 44.74780216], [13.27216498, 44.74781213], [13.27228463, 44.74781585], [13.27237676, 44.74783267], [13.27244404, 44.74783922], [13.27246034, 44.74783941], [13.27254149, 44.74784764], [13.27264441, 44.74785327], [13.27272326, 44.74786944], [13.272805, 44.74787889], [13.27293495, 44.74788882], [13.27309558, 44.74790105], [13.27322351, 44.74792185], [13.27330368, 44.74793206], [13.27336694, 44.74794058], [13.27343644, 44.74794963], [13.27350307, 44.74795967], [13.2735807, 44.74796804], [13.27363971, 44.74797484], [13.27370491, 44.74798015], [13.27377535, 44.74798352], [13.27385375, 44.7479887], [13.27393851, 44.74799295], [13.27403663, 44.74799763], [13.27412711, 44.74800459], [13.27419961, 44.74800353], [13.27428787, 44.74800846], [13.27436516, 44.74801261], [13.27445595, 44.74801481], [13.27454501, 44.74802256], [13.27458571, 44.74802316], [13.27466793, 44.74802719], [13.27477352, 44.74803491], [13.27490201, 44.74804168], [13.27503084, 44.74805843], [13.27513723, 44.74806309], [13.27526238, 44.7480727], [13.27535397, 44.74807478], [13.27548374, 44.74808314], [13.27562574, 44.74808795], [13.27575423, 44.74809767], [13.27584409, 44.74810826], [13.27594683, 44.74811758], [13.27608629, 44.74812512], [13.27616819, 44.74813096], [13.2762776, 44.74813754], [13.2763913, 44.74814173], [13.27652854, 44.74815313], [13.27662982, 44.74815145], [13.2767572, 44.7481572], [13.27688091, 44.74816171], [13.27696931, 44.7481613], [13.27705774, 44.74816973], [13.2771843, 44.7481697], [13.27728751, 44.74817482], [13.27737006, 44.74818883], [13.27747357, 44.74818918], [13.27762654, 44.74819181], [13.27771446, 44.7481897], [13.27781622, 44.74818972], [13.27795234, 44.7481942], [13.27807843, 44.74819542], [13.27817256, 44.74819772], [13.27833539, 44.74820305], [13.2784556, 44.74820394], [13.27857249, 44.74821356], [13.27865865, 44.74820817], [13.27879684, 44.74821412], [13.27893197, 44.74820635], [13.27902039, 44.74821184], [13.27913678, 44.74821092], [13.27921628, 44.74821121], [13.27928576, 44.74821118], [13.27937671, 44.74821099], [13.27946591, 44.74821046], [13.27957801, 44.74821193], [13.27972523, 44.74820595], [13.27984702, 44.74820661], [13.27996038, 44.74820376], [13.28006976, 44.74819854], [13.28021859, 44.74819823], [13.28033096, 44.74818314], [13.28048801, 44.74816512], [13.28065035, 44.7481658], [13.28078007, 44.74815646], [13.28089994, 44.74815031], [13.2810136, 44.74813975], [13.28112567, 44.74812943], [13.28125442, 44.74811373], [13.28138937, 44.74809655], [13.28155072, 44.74808499], [13.281697, 44.7480815], [13.28180745, 44.74806256], [13.28195641, 44.74805102], [13.28205656, 44.74804536], [13.28217165, 44.74803401], [13.28231773, 44.74801816], [13.28246476, 44.74800277], [13.28262308, 44.74798338], [13.28273435, 44.74797317], [13.28286389, 44.74795441], [13.28304381, 44.74792953], [13.28324169, 44.74789793], [13.28342637, 44.74786941], [13.28355235, 44.74782639], [13.2837194, 44.74780574], [13.28386007, 44.74778831], [13.28399804, 44.7477701], [13.2841584, 44.74774629], [13.28426696, 44.74772938], [13.28442093, 44.74769174], [13.28456017, 44.74767512], [13.28469288, 44.74765295], [13.28481523, 44.74762638], [13.28497129, 44.74759316], [13.28511396, 44.74755361], [13.28530735, 44.74750908], [13.28546435, 44.74747631], [13.28560228, 44.7474463], [13.28571353, 44.74742429], [13.28577344, 44.74741384], [13.28587861, 44.74738209], [13.28602845, 44.74734446], [13.28616005, 44.74732422], [13.28627953, 44.74729334], [13.28640554, 44.74726506], [13.28644733, 44.74725193], [13.28650119, 44.74723763], [13.28661037, 44.74722005], [13.28665071, 44.74720182], [13.28672886, 44.74717103], [13.28685242, 44.7471195], [13.28698512, 44.74709438], [13.287104, 44.74707598], [13.28723478, 44.747047], [13.28735918, 44.74701305], [13.28746405, 44.74698606], [13.28760786, 44.74695638], [13.28773694, 44.74694476], [13.28783545, 44.74692164], [13.28797224, 44.74688176], [13.28808533, 44.74683706], [13.28819541, 44.74679929], [13.28832569, 44.74675976], [13.28841881, 44.74674097], [13.28858754, 44.74669705], [13.28873975, 44.74665317], [13.28888543, 44.74660965], [13.28903286, 44.74656646], [13.28914265, 44.74653639], [13.28924736, 44.74651178], [13.28939019, 44.7464728], [13.2895545, 44.74643661], [13.28971207, 44.74638251], [13.2898037, 44.74634091], [13.28992367, 44.74631173], [13.29006284, 44.74627446], [13.29021409, 44.74623013], [13.2903644, 44.74619419], [13.29053078, 44.74615946], [13.29067246, 44.74610766], [13.29081512, 44.74606517], [13.29096938, 44.7460198], [13.29112395, 44.74596968], [13.29122977, 44.74594608], [13.29133987, 44.7459142], [13.29145328, 44.74587358], [13.2915675, 44.74583874], [13.29170747, 44.74580135], [13.29186366, 44.74576279], [13.29202509, 44.74572523], [13.29215771, 44.74567062], [13.29231212, 44.74562288], [13.29246178, 44.74558172], [13.29263001, 44.7455302], [13.2927822, 44.74548337], [13.2929652, 44.74542558], [13.29308132, 44.74538869], [13.29325004, 44.74534182], [13.29341859, 44.74529144], [13.29355314, 44.74524952], [13.29367419, 44.74521251], [13.29379747, 44.74517458], [13.29386864, 44.74515424], [13.29395348, 44.7451325], [13.29410607, 44.74509611], [13.29413468, 44.74508754]]]}, "geometry_name": "the_geom", "properties": {"id": null, "name": "IVANA E - IVANA A", "status": "Active", "medium": "Gas, Water, Air", "operator": "INAgip", "size_in": "14 + 3 + 2", "length_m": 3870, "year": "2000", "from_loc": "IVANA E", "to_loc": "IVANA A", "country_co": "HR", "country": "Croatia", "notes": null}}, {"type": "Feature", "id": "pipelines.25", "geometry": {"type": "MultiLineString", "coordinates": [[[13.24650598, 44.74571981], [13.24652227, 44.74574959], [13.24654321, 44.74578659], [13.24655541, 44.74583152], [13.24657998, 44.74587224], [13.24659536, 44.7459252], [13.24661254, 44.74597852], [13.24662024, 44.74603139], [13.24664338, 44.74607595], [13.24666913, 44.74612074], [13.24670006, 44.74617751], [13.24673385, 44.74625874], [13.246751, 44.74630902], [13.24676776, 44.74636968], [13.24678972, 44.74642775], [13.24680495, 44.74646558], [13.2468203, 44.74651552], [13.24684823, 44.74658243], [13.24687406, 44.74661872], [13.24689541, 44.74668052], [13.24689863, 44.74672676], [13.24691842, 44.74676271], [13.24693456, 44.7468095], [13.24696548, 44.74689843], [13.246983, 44.74697049], [13.24700148, 44.7470224], [13.24702028, 44.74705789], [13.24704007, 44.74711143], [13.24705132, 44.74717652], [13.24707033, 44.7472332], [13.24709176, 44.74728651], [13.24712183, 44.74735493], [13.24712225, 44.74741492], [13.24713437, 44.74748595], [13.24715434, 44.74754007], [13.24717092, 44.74758255], [13.24719117, 44.74763178], [13.24721687, 44.7476881], [13.24726028, 44.74778492], [13.24728278, 44.74784777], [13.2473194, 44.74791828], [13.24732395, 44.74796615], [13.24733672, 44.74803648], [13.24735211, 44.74810703], [13.24736366, 44.74815267], [13.24737674, 44.74820354], [13.24738185, 44.74824162], [13.24740367, 44.74830215], [13.24743065, 44.74836659], [13.24743906, 44.74839333], [13.2474571, 44.7484398], [13.24747948, 44.74848375], [13.24749673, 44.74854131], [13.24751975, 44.74862536], [13.24755171, 44.74870251], [13.24756743, 44.74876336], [13.24757427, 44.7488177], [13.2475923, 44.7488995], [13.24762726, 44.74901333], [13.24765049, 44.74910893], [13.2476636, 44.74917507], [13.24767521, 44.74922013], [13.24770544, 44.7492945], [13.24772314, 44.74935077], [13.2477475, 44.74942547], [13.24776899, 44.74951282], [13.24779659, 44.74958152], [13.24781867, 44.74965171], [13.2478365, 44.74972197], [13.2478571, 44.74978204], [13.2478853, 44.74987441], [13.24791349, 44.7499613], [13.24794596, 44.75005907], [13.24796865, 44.75011759], [13.24798705, 44.75016522], [13.24802265, 44.75028382], [13.24805478, 44.75035607], [13.24809619, 44.75044693], [13.24811836, 44.75051468], [13.24814052, 44.75058242], [13.24816823, 44.75065963], [13.24818645, 44.75074202], [13.24822401, 44.75084507], [13.2482543, 44.75094137], [13.24827428, 44.75103748], [13.24830345, 44.75111934], [13.24834753, 44.75122684], [13.24836781, 44.75130219], [13.24839575, 44.75139643], [13.24842179, 44.75149279], [13.24843319, 44.75156164], [13.24846803, 44.75166696], [13.24849718, 44.75177319], [13.24852197, 44.75187645], [13.24855468, 44.75199673], [13.24860519, 44.75214098], [13.24862841, 44.75223109], [13.24867396, 44.75234872], [13.24871372, 44.75246422], [13.2487545, 44.75259113], [13.24877847, 44.75268904], [13.24880016, 44.75278245], [13.24882926, 44.75287223], [13.24886336, 44.75296975], [13.24889851, 44.75305431], [13.24892805, 44.75313732], [13.24896579, 44.75324096], [13.24899123, 44.753349], [13.24903694, 44.75345624], [13.24904844, 44.75352812], [13.24908456, 44.7536375], [13.24911272, 44.75374875], [13.24914083, 44.75383809], [13.24916422, 44.7539233], [13.24919138, 44.75403411], [13.24921343, 44.75412319], [13.24922057, 44.75415678], [13.24923866, 44.75421969], [13.24925548, 44.75428402], [13.24927026, 44.75436634], [13.24930554, 44.75446489], [13.24933517, 44.75454545], [13.24936319, 44.75463724], [13.24940995, 44.75476685], [13.24945085, 44.75486694], [13.24947576, 44.75494338], [13.24950142, 44.75503311], [13.24952831, 44.75510497], [13.24956873, 44.75519539], [13.2495964, 44.75529149], [13.24962531, 44.75537522], [13.24966574, 44.75547111], [13.24969001, 44.75554279], [13.24971835, 44.75561929], [13.24975071, 44.75570856], [13.249777, 44.75579209], [13.24979303, 44.75586751], [13.24983288, 44.75598056], [13.24986436, 44.75607789], [13.24990003, 44.75618856], [13.24992181, 44.75627951], [13.24994922, 44.75637749], [13.24998433, 44.75648093], [13.25003409, 44.7566119], [13.25006856, 44.75671057], [13.25010717, 44.75680067], [13.25013662, 44.75691599], [13.25016576, 44.75702222], [13.25020571, 44.7571383], [13.25024174, 44.75724464], [13.25026814, 44.75733669], [13.25030224, 44.75743421], [13.25032299, 44.75751375], [13.25036867, 44.75763988], [13.25039237, 44.75770433], [13.25040939, 44.75777472], [13.25043156, 44.75784246], [13.25045978, 44.75794031], [13.25048898, 44.75806298], [13.25050688, 44.75812531], [13.25053402, 44.75818982], [13.25055486, 44.75826691], [13.25058096, 44.75834986], [13.25060875, 44.75845448], [13.25064649, 44.75855812], [13.25068106, 44.75865983], [13.25070736, 44.75874884], [13.25072619, 44.75881955], [13.25075568, 44.75891598], [13.25079754, 44.75903541], [13.25081595, 44.75911837], [13.2508608, 44.75923915], [13.25087944, 44.75930928], [13.25091734, 44.75943787], [13.25094713, 44.75954339], [13.25098466, 44.75967082], [13.25101272, 44.75977357], [13.25104052, 44.75988366], [13.25108218, 44.75999703], [13.25111232, 44.76009823], [13.25115196, 44.76019974], [13.25118569, 44.76029061], [13.25120726, 44.76037002], [13.25125115, 44.76047146], [13.25129336, 44.76058657], [13.25132639, 44.76068609], [13.25137458, 44.7608039], [13.25139069, 44.76090672], [13.25143064, 44.7610228], [13.25145912, 44.7611133], [13.25147996, 44.76119039], [13.25151046, 44.76125741], [13.25154637, 44.7613851], [13.25155927, 44.7614397], [13.25157868, 44.76152311], [13.25160298, 44.76160575], [13.25163203, 44.76167361], [13.25166467, 44.761761], [13.25171425, 44.76189139], [13.25173195, 44.76197751], [13.2517518, 44.76205963], [13.25175943, 44.76206755], [13.25177384, 44.7621079], [13.2517949, 44.76216668], [13.2518042, 44.76222612], [13.25183768, 44.76228901], [13.25186085, 44.7623572], [13.25187748, 44.7624508], [13.25192663, 44.76258796], [13.25195243, 44.76269167], [13.25198199, 44.76278017], [13.25199964, 44.76284985], [13.25202277, 44.76293693], [13.2520533, 44.76305025], [13.25207587, 44.76313011], [13.2521055, 44.76321067], [13.25212406, 44.76327778], [13.25215103, 44.76334719], [13.25216942, 44.76341919], [13.25220009, 44.76351664], [13.25222259, 44.76360444], [13.25224381, 44.76368817], [13.25224803, 44.76373104], [13.25225359, 44.76376016], [13.25226115, 44.76378861], [13.25228416, 44.76384095], [13.25230346, 44.76389809], [13.25232501, 44.7639658], [13.25234237, 44.76402503], [13.25236878, 44.764089], [13.2523919, 44.76416496], [13.25241444, 44.76424766], [13.25244242, 44.76434895], [13.25248429, 44.76446274], [13.2525264, 44.76458316], [13.25255374, 44.76467061], [13.25258737, 44.76476502], [13.25260375, 44.76483833], [13.25262506, 44.76491395], [13.25265801, 44.76500603], [13.25268971, 44.76510254], [13.25271289, 44.76517], [13.25275768, 44.76525307], [13.25281137, 44.76542752], [13.25284401, 44.76552146], [13.25289602, 44.76563497], [13.25292162, 44.76572813], [13.25295716, 44.76583194], [13.25298627, 44.76591671], [13.25302266, 44.76600889], [13.25304979, 44.76609274], [13.25307247, 44.76618755], [13.25310202, 44.76628255], [13.25312711, 44.76634489], [13.25315632, 44.76642419], [13.25319536, 44.76653416], [13.25323186, 44.76664995], [13.25326533, 44.76677285], [13.25328828, 44.76684823], [13.25333843, 44.76699896], [13.25335084, 44.76709649], [13.25338141, 44.76719498], [13.25340393, 44.76730374], [13.25343225, 44.76739165], [13.25345776, 44.76749028], [13.25347911, 44.76758346], [13.25351047, 44.7676788], [13.25354999, 44.76778748], [13.25357445, 44.76790868], [13.25363715, 44.76805575], [13.25366896, 44.76819041], [13.25370533, 44.76832318], [13.25373441, 44.76841947], [13.25375582, 44.76847508], [13.2537771, 44.76854767], [13.25381172, 44.76864254], [13.2538393, 44.76873662], [13.25387209, 44.76886514], [13.25387467, 44.76887337], [13.2539036, 44.76897107], [13.2539253, 44.76906749], [13.25395655, 44.76915082], [13.25397168, 44.76922087], [13.25400819, 44.76931006], [13.2540418, 44.76939545], [13.25407806, 44.76950295], [13.25411479, 44.76961464], [13.25414501, 44.76972736], [13.25419434, 44.7698547], [13.25421222, 44.76994442], [13.25423795, 44.77002375], [13.25425955, 44.77011714], [13.25429085, 44.77022238], [13.25431592, 44.77029147], [13.25434059, 44.77037828], [13.25436315, 44.77045568], [13.25438194, 44.7705483], [13.25441539, 44.77064407], [13.25444813, 44.77074847], [13.25447515, 44.77084282], [13.25449913, 44.77090295], [13.2545214, 44.77096578], [13.2545407, 44.77099194], [13.25456555, 44.77108481], [13.25459247, 44.77117066], [13.25462812, 44.77128434], [13.25465812, 44.77137457], [13.25468266, 44.77144191], [13.25470566, 44.77151255], [13.25474539, 44.77158478], [13.25477097, 44.77167997], [13.25480912, 44.77177438], [13.25482933, 44.77184972], [13.25485401, 44.77194749], [13.25487511, 44.77201478], [13.2548988, 44.77206581], [13.25492898, 44.77215662], [13.2549469, 44.77226277], [13.25498439, 44.77239322], [13.25501148, 44.77247416], [13.25503476, 44.77254292], [13.25505469, 44.77261466], [13.25508505, 44.77270604], [13.25511895, 44.77280052], [13.25514189, 44.77288456], [13.25517666, 44.77296002], [13.25519785, 44.77303033], [13.25523108, 44.77314988], [13.25526728, 44.77327079], [13.25529467, 44.77336082], [13.25531558, 44.77342752], [13.25534708, 44.77349254], [13.25537027, 44.77356924], [13.25539882, 44.77365482], [13.25541987, 44.77369471], [13.25543819, 44.77377218], [13.25547479, 44.7738644], [13.25550389, 44.77395172], [13.25554596, 44.77406682], [13.2555811, 44.77414892], [13.25561639, 44.77426145], [13.25565691, 44.7743634], [13.25568504, 44.77446671], [13.25571579, 44.77457021], [13.25574873, 44.77468067], [13.25578255, 44.77478308], [13.25581573, 44.77488072], [13.25583903, 44.77496044], [13.25587185, 44.77505691], [13.2559006, 44.77515404], [13.25593506, 44.77526121], [13.25595885, 44.77531528], [13.25598451, 44.77540254], [13.25600025, 44.77550173], [13.25602371, 44.77557108], [13.25606007, 44.77567612], [13.25607968, 44.77576861], [13.25609474, 44.77584112], [13.25610327, 44.77590918], [13.25612889, 44.77597453], [13.25614829, 44.77605], [13.25616905, 44.77612708], [13.25619077, 44.77618817], [13.25621754, 44.77628439], [13.25624765, 44.77638313], [13.25629221, 44.77647347], [13.25630973, 44.77655655], [13.25634742, 44.77664677], [13.25637736, 44.7767504], [13.25641026, 44.77683895], [13.25644617, 44.77694528], [13.25649368, 44.77706682], [13.25651851, 44.77714326], [13.25654517, 44.77723097], [13.25656032, 44.77730651], [13.25659041, 44.77739428], [13.25661754, 44.77749166], [13.25663874, 44.77756198], [13.25665395, 44.7776241], [13.25669488, 44.77770285], [13.2567064, 44.77777227], [13.25671051, 44.77783981], [13.25673669, 44.77791238], [13.25676866, 44.77794079], [13.25677179, 44.77797256], [13.25678921, 44.77805261], [13.25681886, 44.77814715], [13.25684831, 44.77822468], [13.25686491, 44.77830486], [13.2568924, 44.77839792], [13.25692329, 44.77848009], [13.25696071, 44.7785667], [13.25698678, 44.77867704], [13.25701289, 44.77876301], [13.25704978, 44.77885884], [13.25707923, 44.77894184], [13.25711238, 44.77901756], [13.25713162, 44.77910341], [13.25713827, 44.77917908], [13.25717776, 44.77926414], [13.2572127, 44.77932922], [13.25723544, 44.77940173], [13.25726806, 44.77948666], [13.25729529, 44.77958708], [13.25731759, 44.77966635], [13.25734333, 44.77974568], [13.25737071, 44.77983571], [13.25739616, 44.77990596], [13.2574151, 44.77997176], [13.25743772, 44.78007656], [13.2574642, 44.78016369], [13.25747894, 44.78021615], [13.25751002, 44.78029889], [13.2575475, 44.78041838], [13.25757736, 44.78052446], [13.25760883, 44.78061933], [13.25762711, 44.78067488], [13.25763451, 44.78071754], [13.25765088, 44.78076427], [13.25766643, 44.78081112], [13.25768573, 44.78087808], [13.257709, 44.78094684], [13.25772631, 44.7810129], [13.25774996, 44.78108831], [13.25777298, 44.78116442], [13.25779344, 44.78126773], [13.25781879, 44.78133495], [13.25784483, 44.7813854]], [[13.25784483, 44.7813854], [13.25784475, 44.78138502], [13.25784493, 44.7813856], [13.25784483, 44.7813854]], [[13.25863725, 44.78405287], [13.25863943, 44.78400807], [13.2586171, 44.78396413], [13.25860487, 44.78390883], [13.25859384, 44.78386004], [13.25858009, 44.78381351], [13.25857189, 44.78377645], [13.25854771, 44.78371027], [13.25853642, 44.78367431], [13.25853371, 44.7836248], [13.25851798, 44.78358285], [13.25850145, 44.78354103], [13.25849321, 44.78348753], [13.25848225, 44.78343081], [13.2584677, 44.78338989], [13.25845892, 44.78334013], [13.25844926, 44.78329844], [13.25843455, 44.78326789], [13.25842665, 44.7832046], [13.25840937, 44.78314949], [13.25839108, 44.78308846], [13.25838022, 44.78304026], [13.25836466, 44.78298792], [13.25835194, 44.78295828], [13.2583295, 44.78290035], [13.25831246, 44.78283242], [13.25829462, 44.7827701], [13.25827617, 44.78272492], [13.25826967, 44.78267968], [13.25824812, 44.78261916], [13.2582302, 44.78256477], [13.2582153, 44.78252269], [13.25820872, 44.78250864], [13.25819478, 44.78247906], [13.25818365, 44.78242724], [13.25816192, 44.78236615], [13.25813746, 44.78229635], [13.25811203, 44.78223707], [13.25808648, 44.78216379], [13.25806469, 44.78211611], [13.25804865, 44.78204863], [13.25803144, 44.7819856], [13.2580015, 44.78193373], [13.25798718, 44.78186902], [13.25796822, 44.78179226], [13.25794255, 44.78169952], [13.25792287, 44.78162044], [13.25789497, 44.78155058], [13.25786382, 44.78147576], [13.25784483, 44.7813854]]]}, "geometry_name": "the_geom", "properties": {"id": null, "name": "IVANA D - IVANA E", "status": "Active", "medium": "Gas, Water, Air", "operator": "INAgip", "size_in": "6 + 3 + 2", "length_m": 4370, "year": "2000", "from_loc": "IVANA D", "to_loc": "IVANA E", "country_co": "HR", "country": "Croatia", "notes": null}}, {"type": "Feature", "id": "pipelines.20", "geometry": {"type": "MultiLineString", "coordinates": [[[13.29440981, 44.74548308], [13.29468222, 44.74583612], [13.29468954, 44.74584231], [13.29469449, 44.74584485], [13.29469844, 44.74584573], [13.29470393, 44.74584662], [13.29471104, 44.74584662], [13.29471874, 44.74584515], [13.29693052, 44.74513733], [13.29720923, 44.74504208], [13.29748393, 44.74495076], [13.29776038, 44.74486115], [13.2980383, 44.74477296], [13.29831742, 44.7446859], [13.29859744, 44.74459965], [13.29887809, 44.74451394], [13.29915909, 44.74442845], [13.29944016, 44.7443429], [13.29972102, 44.74425697], [13.30000139, 44.74417039], [13.30028098, 44.74408284], [13.30055957, 44.7439941], [13.30083742, 44.74390457], [13.301115, 44.74381491], [13.30139277, 44.7437258], [13.30167123, 44.74363792], [13.30195083, 44.74355193], [13.30223203, 44.7434685], [13.30251498, 44.74338792], [13.3027996, 44.74331022], [13.3030858, 44.74323546], [13.3033735, 44.74316367], [13.30366268, 44.74309501], [13.30395335, 44.74302972], [13.30424553, 44.74296804], [13.30453924, 44.74291022], [13.30483437, 44.74285615], [13.30513067, 44.74280536], [13.30542789, 44.74275732], [13.30572581, 44.7427116], [13.30602437, 44.74266815], [13.30632361, 44.74262717], [13.30662357, 44.74258883], [13.3069243, 44.74255363], [13.3072259, 44.74252272], [13.30752847, 44.74249714], [13.30783181, 44.7424764], [13.30813564, 44.74245926], [13.30843971, 44.74244466], [13.30874396, 44.74243253], [13.30904838, 44.7424232], [13.309353, 44.74241701], [13.30965772, 44.74241439], [13.30996241, 44.74241584], [13.31026698, 44.74242148], [13.31057146, 44.74243044], [13.31087587, 44.74244175], [13.31118007, 44.74245571], [13.31148372, 44.74247387], [13.3117865, 44.74249777], [13.31208838, 44.74252721], [13.31238985, 44.74255931], [13.31269087, 44.7425934], [13.31299071, 44.74263176], [13.31328889, 44.74267607], [13.31358606, 44.74272408], [13.31388329, 44.74277225], [13.31418131, 44.74281801], [13.31447871, 44.74286525], [13.31477329, 44.74292022], [13.31506501, 44.74298309], [13.31535537, 44.74304953], [13.31564513, 44.74311725], [13.31593402, 44.74318665], [13.31622173, 44.74325828], [13.31650793, 44.74333272], [13.3167923, 44.7434105], [13.31707457, 44.7434921], [13.3173549, 44.74357719], [13.31763366, 44.74366502], [13.3179112, 44.74375485], [13.31818791, 44.74384594], [13.31846445, 44.74393715], [13.31874201, 44.7440267], [13.31902092, 44.74411413], [13.31930059, 44.74420038], [13.31958036, 44.74428648], [13.31985959, 44.74437345], [13.32013796, 44.74446178], [13.32041567, 44.74455115], [13.32069297, 44.7446412], [13.32097008, 44.74473153], [13.32124726, 44.74482176], [13.32152473, 44.74491154], [13.32180255, 44.74500076], [13.3220807, 44.74508946], [13.32235915, 44.74517766], [13.3226379, 44.74526539], [13.32291692, 44.7453527], [13.32319613, 44.74543969], [13.32347541, 44.74552657], [13.32375463, 44.74561353], [13.32403368, 44.74570078], [13.32431243, 44.74578851], [13.3245908, 44.74587686], [13.32486892, 44.7459656], [13.32514696, 44.74605447], [13.32542506, 44.74614326], [13.32570322, 44.74623195], [13.32598141, 44.74632059], [13.32625963, 44.74640919], [13.32653785, 44.74649778], [13.32681607, 44.74658638], [13.32709426, 44.74667502], [13.32737241, 44.74676373], [13.3276505, 44.74685253], [13.32792851, 44.74694145], [13.32820644, 44.74703051], [13.32848426, 44.74711973], [13.32876196, 44.74720916], [13.32903952, 44.7472988], [13.32931694, 44.74738865], [13.32959432, 44.74747857], [13.32987176, 44.74756842], [13.3301493, 44.74765811], [13.33042695, 44.74774762], [13.33070474, 44.74783691], [13.33098269, 44.74792596], [13.33126082, 44.74801472], [13.33153914, 44.74810317], [13.33181767, 44.74819127], [13.33209644, 44.748279], [13.33237547, 44.74836631], [13.33265477, 44.74845319], [13.33293435, 44.74853959], [13.33321415, 44.74862564], [13.33349397, 44.74871167], [13.33377361, 44.74879798], [13.33405286, 44.74888491], [13.33433158, 44.74897271], [13.33460981, 44.74906129], [13.33488767, 44.74915048], [13.33516526, 44.74924009], [13.33544269, 44.74932996], [13.33572009, 44.7494199], [13.33599754, 44.74950973], [13.33627517, 44.74959929], [13.33655298, 44.74968856], [13.33683092, 44.74977763], [13.33710893, 44.74986659], [13.33738694, 44.74995554], [13.33766489, 44.75004457], [13.33794274, 44.75013379], [13.33822042, 44.75022327], [13.33849793, 44.75031303], [13.33877531, 44.75040298], [13.33905262, 44.75049306], [13.3393299, 44.75058319], [13.33960719, 44.7506733], [13.33988454, 44.75076331], [13.340162, 44.75085315], [13.34043961, 44.75094274], [13.34071742, 44.75103201], [13.34099547, 44.75112088], [13.34127382, 44.75120929], [13.3415525, 44.75129715], [13.34183152, 44.75138446], [13.34211085, 44.75147128], [13.34239045, 44.75155767], [13.34267027, 44.7516437], [13.34295028, 44.75172943], [13.34323043, 44.75181493], [13.34351068, 44.75190026], [13.343791, 44.7519855], [13.34407134, 44.75207069], [13.34435166, 44.75215592], [13.34463193, 44.75224124], [13.3449121, 44.75232672], [13.34519213, 44.75241243], [13.34547198, 44.75249843], [13.34575161, 44.75258479], [13.34603098, 44.75267156], [13.34631008, 44.75275878], [13.34658893, 44.7528464], [13.34686757, 44.75293438], [13.34714602, 44.75302265], [13.34742431, 44.75311118], [13.34770248, 44.75319992], [13.34798055, 44.75328881], [13.34825855, 44.7533778], [13.34853652, 44.75346686], [13.34881449, 44.75355592], [13.34909248, 44.75364494], [13.34937052, 44.75373389], [13.34964861, 44.75382275], [13.34992675, 44.75391153], [13.35020493, 44.75400025], [13.35048315, 44.7540889], [13.3507614, 44.75417751], [13.35103969, 44.75426606], [13.35131799, 44.75435458], [13.35159632, 44.75444306], [13.35187466, 44.75453152], [13.35215302, 44.75461996], [13.35243138, 44.75470839], [13.35270974, 44.75479681], [13.3529881, 44.75488524], [13.35326646, 44.75497368], [13.3535448, 44.75506214], [13.35382314, 44.75515062], [13.35410145, 44.75523913], [13.35437975, 44.75532767], [13.35465802, 44.75541624], [13.35493628, 44.75550484], [13.35521452, 44.75559348], [13.35549274, 44.75568215], [13.35577093, 44.75577086], [13.3560491, 44.7558596], [13.35632725, 44.75594839], [13.35660537, 44.75603722], [13.35688346, 44.75612609], [13.35716153, 44.75621501], [13.35743956, 44.75630397], [13.35771757, 44.75639298], [13.35799554, 44.75648204], [13.35827349, 44.75657116], [13.3585514, 44.75666031], [13.3588293, 44.75674951], [13.35910717, 44.75683872], [13.35938504, 44.75692796], [13.35966291, 44.75701719], [13.35994079, 44.75710641], [13.36021867, 44.75719562], [13.36049658, 44.7572848], [13.36077451, 44.75737393], [13.36105248, 44.75746301], [13.36133049, 44.75755204], [13.36160854, 44.75764098], [13.36188664, 44.75772984], [13.36216481, 44.75781861], [13.36244304, 44.75790727], [13.36272135, 44.75799581], [13.36299974, 44.75808423], [13.3632782, 44.75817254], [13.36355672, 44.75826075], [13.36383528, 44.75834889], [13.36411389, 44.75843696], [13.36439252, 44.75852499], [13.36467117, 44.758613], [13.36494983, 44.75870099], [13.36522848, 44.758789], [13.36550711, 44.75887703], [13.36578572, 44.7589651], [13.36606429, 44.75905324], [13.3663428, 44.75914145], [13.36662126, 44.75922976], [13.36689965, 44.75931818], [13.36717796, 44.75940673], [13.36745617, 44.75949543], [13.3677343, 44.75958427], [13.36801234, 44.75967325], [13.3682903, 44.75976234], [13.3685682, 44.75985153], [13.36884605, 44.75994082], [13.36912385, 44.76003018], [13.36940161, 44.76011959], [13.36967935, 44.76020905], [13.36995708, 44.76029854], [13.37023479, 44.76038804], [13.37051251, 44.76047754], [13.37079024, 44.76056703], [13.371068, 44.76065648], [13.37134578, 44.76074589], [13.37162361, 44.76083524], [13.37190148, 44.76092452], [13.37217942, 44.7610137], [13.37245743, 44.76110277], [13.37273553, 44.76119169], [13.37301374, 44.76128045], [13.37329207, 44.76136901], [13.37357053, 44.76145735], [13.37384915, 44.76154544], [13.37412794, 44.76163326], [13.37440691, 44.76172079], [13.37468607, 44.76180799], [13.37496545, 44.76189484], [13.37524506, 44.76198132], [13.37552491, 44.76206739], [13.37580502, 44.76215304], [13.37608541, 44.76223823], [13.37636608, 44.76232295], [13.37664705, 44.76240717], [13.37692824, 44.76249103], [13.37720947, 44.76257481], [13.37749058, 44.7626588], [13.37777138, 44.76274328], [13.3780517, 44.76282854], [13.3783314, 44.76291483], [13.37861049, 44.76300211], [13.37888906, 44.76309024], [13.37916721, 44.76317907], [13.37944501, 44.76326846], [13.37972256, 44.76335826], [13.37999996, 44.76344832], [13.38027728, 44.76353851], [13.38055463, 44.76362867], [13.38083208, 44.76371865], [13.38110973, 44.76380832], [13.38138765, 44.76389756], [13.38166582, 44.76398639], [13.3819442, 44.76407487], [13.38222277, 44.76416305], [13.38250149, 44.764251], [13.38278032, 44.76433875], [13.38305924, 44.76442638], [13.3833382, 44.76451392], [13.38361718, 44.76460144], [13.38389614, 44.764689], [13.38417504, 44.76477664], [13.38445385, 44.76486442], [13.38473254, 44.7649524], [13.38501108, 44.76504062], [13.38528943, 44.76512915], [13.38556755, 44.76521804], [13.38584542, 44.76530733], [13.38612308, 44.76539696], [13.38640057, 44.76548687], [13.38667792, 44.765577], [13.38695517, 44.76566728], [13.38723237, 44.76575765], [13.38750956, 44.76584804], [13.38778678, 44.76593838], [13.38806406, 44.76602861], [13.38834146, 44.76611867], [13.388619, 44.76620848], [13.38889674, 44.76629799], [13.38917471, 44.76638713], [13.38945295, 44.76647582], [13.38973151, 44.76656402], [13.3900104, 44.76665167], [13.39028961, 44.76673882], [13.39056908, 44.76682554], [13.39084878, 44.7669119], [13.39112867, 44.76699796], [13.39140869, 44.7670838], [13.39168882, 44.76716948], [13.391969, 44.76725507], [13.3922492, 44.76734063], [13.39252937, 44.76742624], [13.39280947, 44.76751196], [13.39308946, 44.76759786], [13.39336929, 44.76768402], [13.39364893, 44.76777048], [13.39392833, 44.76785733], [13.39420745, 44.76794464], [13.39448628, 44.76803242], [13.39476484, 44.76812062], [13.39504316, 44.76820921], [13.39532128, 44.76829813], [13.39559923, 44.76838733], [13.39587704, 44.76847675], [13.39615474, 44.76856636], [13.39643235, 44.76865609], [13.39670993, 44.7687459], [13.39698748, 44.76883573], [13.39726506, 44.76892554], [13.39754268, 44.76901527], [13.39782038, 44.76910488], [13.39809819, 44.76919431], [13.39837613, 44.76928353], [13.3986542, 44.76937254], [13.39893239, 44.76946137], [13.39921068, 44.76955003], [13.39948907, 44.76963854], [13.39976755, 44.76972691], [13.40004609, 44.76981517], [13.4003247, 44.76990332], [13.40060336, 44.7699914], [13.40088207, 44.77007941], [13.4011608, 44.77016738], [13.40143955, 44.77025531], [13.4017183, 44.77034324], [13.40199706, 44.77043117], [13.4022758, 44.77051912], [13.40255451, 44.77060712], [13.40283319, 44.77069517], [13.40311183, 44.77078329], [13.40339045, 44.77087145], [13.40366904, 44.77095965], [13.40394762, 44.77104787], [13.4042262, 44.77113609], [13.40450478, 44.7712243], [13.40478338, 44.77131249], [13.40506201, 44.77140063], [13.40534067, 44.77148872], [13.40561937, 44.77157674], [13.40589813, 44.77166468], [13.40617695, 44.77175251], [13.40645583, 44.77184023], [13.4067348, 44.77192783], [13.40701386, 44.77201528], [13.40729302, 44.77210257], [13.40757228, 44.77218969], [13.40785164, 44.77227665], [13.40813109, 44.77236347], [13.4084106, 44.77245018], [13.40869018, 44.77253679], [13.4089698, 44.77262334], [13.40924944, 44.77270984], [13.4095291, 44.77279632], [13.40980876, 44.7728828], [13.41008841, 44.77296931], [13.41036802, 44.77305586], [13.4106476, 44.77314248], [13.41092712, 44.77322919], [13.41120657, 44.77331602], [13.41148593, 44.77340298], [13.4117652, 44.77349011], [13.41204436, 44.77357739], [13.41232343, 44.77366484], [13.41260242, 44.77375242], [13.41288132, 44.77384013], [13.41316015, 44.77392797], [13.41343892, 44.77401591], [13.41371763, 44.77410395], [13.41399628, 44.77419207], [13.41427489, 44.77428026], [13.41455346, 44.77436852], [13.414832, 44.77445683], [13.41511051, 44.77454518], [13.41538901, 44.77463356], [13.4156675, 44.77472196], [13.41594598, 44.77481036], [13.41622447, 44.77489876], [13.41650297, 44.77498714], [13.41678148, 44.7750755], [13.41706, 44.77516384], [13.41733853, 44.77525216], [13.41761709, 44.77534046], [13.41789565, 44.77542873], [13.41817424, 44.77551697], [13.41845284, 44.77560519], [13.41873146, 44.77569338], [13.4190101, 44.77578153], [13.41928876, 44.77586966], [13.41956744, 44.77595775], [13.41984614, 44.7760458], [13.42012487, 44.77613382], [13.42040362, 44.7762218], [13.4206824, 44.77630974], [13.4209612, 44.77639764], [13.42124003, 44.7764855], [13.42151888, 44.77657332], [13.42179776, 44.7766611], [13.42207665, 44.77674886], [13.42235557, 44.77683658], [13.4226345, 44.77692428], [13.42291344, 44.77701196], [13.42319239, 44.77709963], [13.42347135, 44.77718728], [13.42375032, 44.77727492], [13.42402929, 44.77736256], [13.42430826, 44.77745019], [13.42458723, 44.77753783], [13.4248662, 44.77762548], [13.42514516, 44.77771313], [13.42542412, 44.7778008], [13.42570306, 44.77788848], [13.42598199, 44.77797619], [13.42626091, 44.77806392], [13.42653981, 44.77815168], [13.42681869, 44.77823946], [13.42709756, 44.77832727], [13.42737641, 44.77841511], [13.42765524, 44.77850299], [13.42793405, 44.7785909], [13.42821283, 44.77867885], [13.42849159, 44.77876683], [13.42877033, 44.77885485], [13.42904904, 44.77894292], [13.42932773, 44.77903103], [13.42960639, 44.77911918], [13.42988502, 44.77920738], [13.43016362, 44.77929563], [13.43044219, 44.77938393], [13.43072073, 44.77947228], [13.43099924, 44.77956068], [13.43127773, 44.7796491], [13.43155622, 44.77973754], [13.4318347, 44.77982599], [13.43211319, 44.77991442], [13.43239169, 44.78000284], [13.43267021, 44.78009122], [13.43294877, 44.78017955], [13.43322736, 44.78026783], [13.43350599, 44.78035602], [13.43378468, 44.78044414], [13.43406344, 44.78053215], [13.43434226, 44.78062005], [13.43462116, 44.78070783], [13.43490014, 44.78079546], [13.43517922, 44.78088295], [13.4354584, 44.78097028], [13.43573767, 44.78105746], [13.43601702, 44.78114451], [13.43629644, 44.78123144], [13.43657593, 44.78131828], [13.43685546, 44.78140504], [13.43713503, 44.78149174], [13.43741463, 44.78157839], [13.43769425, 44.78166501], [13.43797387, 44.78175162], [13.4382535, 44.78183823], [13.43853311, 44.78192487], [13.43881269, 44.78201155], [13.43909225, 44.78209828], [13.43937175, 44.78218509], [13.43965121, 44.78227198], [13.43993061, 44.78235896], [13.44020996, 44.78244602], [13.44048926, 44.78253316], [13.44076852, 44.78262038], [13.44104773, 44.78270767], [13.44132691, 44.78279502], [13.44160604, 44.78288245], [13.44188514, 44.78296992], [13.4421642, 44.78305746], [13.44244323, 44.78314505], [13.44272223, 44.78323268], [13.44300121, 44.78332036], [13.44328015, 44.78340809], [13.44355907, 44.78349587], [13.44383795, 44.7835837], [13.44411679, 44.78367159], [13.4443956, 44.78375954], [13.44467437, 44.78384756], [13.4449531, 44.78393564], [13.44523178, 44.78402379], [13.44551042, 44.78411202], [13.44578901, 44.78420032], [13.44606755, 44.78428871], [13.44634604, 44.78437717], [13.44662448, 44.78446573], [13.44690286, 44.78455437], [13.44718118, 44.78464311], [13.44745944, 44.78473194], [13.44773765, 44.78482087], [13.4480158, 44.78490988], [13.44829392, 44.78499895], [13.44857202, 44.78508805], [13.44885011, 44.78517716], [13.44912821, 44.78526626], [13.44940633, 44.78535533], [13.44968448, 44.78544435], [13.44996268, 44.78553329], [13.45024093, 44.78562214], [13.45051927, 44.78571086], [13.45079769, 44.78579944], [13.45107622, 44.78588786], [13.45135486, 44.78597609], [13.45163363, 44.78606412], [13.45191254, 44.78615191], [13.45219161, 44.78623946], [13.45247081, 44.78632679], [13.45275013, 44.78641393], [13.45302955, 44.78650091], [13.45330905, 44.78658777], [13.45358861, 44.78667453], [13.45386821, 44.78676123], [13.45414782, 44.7868479], [13.45442744, 44.78693457], [13.45470704, 44.78702126], [13.4549866, 44.78710802], [13.45526611, 44.78719488], [13.45554553, 44.78728186], [13.45582486, 44.787369], [13.45610408, 44.78745632], [13.45638316, 44.78754386], [13.45666213, 44.78763158], [13.45694099, 44.78771947], [13.45721976, 44.78780751], [13.45749846, 44.78789568], [13.45777709, 44.78798395], [13.45805567, 44.7880723], [13.45833422, 44.7881607], [13.45861274, 44.78824915], [13.45889126, 44.78833761], [13.45916978, 44.78842606], [13.45944832, 44.78851448], [13.45972689, 44.78860285], [13.46000551, 44.78869115], [13.46028419, 44.78877935], [13.46056294, 44.78886744], [13.46084178, 44.78895539], [13.4611207, 44.78904319], [13.4613997, 44.78913088], [13.46167876, 44.78921847], [13.46195788, 44.78930597], [13.46223704, 44.7893934], [13.46251623, 44.78948079], [13.46279543, 44.78956815], [13.46307464, 44.7896555], [13.46335384, 44.78974287], [13.46363303, 44.78983026], [13.46391219, 44.78991769], [13.46419131, 44.7900052], [13.46447037, 44.79009279], [13.46474937, 44.79018048], [13.4650283, 44.79026829], [13.46530713, 44.79035625], [13.46558587, 44.79044436], [13.46586451, 44.79053263], [13.46614307, 44.79062104], [13.46642154, 44.79070958], [13.46669996, 44.79079822], [13.46697831, 44.79088695], [13.46725663, 44.79097575], [13.46753491, 44.79106461], [13.46781317, 44.7911535], [13.46809141, 44.79124241], [13.46836966, 44.79133132], [13.46864792, 44.79142022], [13.4689262, 44.79150908], [13.46920451, 44.79159788], [13.46948286, 44.79168662], [13.46976128, 44.79177528], [13.47003975, 44.79186383], [13.4703183, 44.79195225], [13.47059694, 44.79204055], [13.47087566, 44.7921287], [13.47115446, 44.79221673], [13.47143333, 44.79230465], [13.47171227, 44.79239246], [13.47199127, 44.79248017], [13.47227033, 44.79256779], [13.47254944, 44.79265533], [13.47282859, 44.7927428], [13.47310779, 44.7928302], [13.47338701, 44.79291756], [13.47366627, 44.79300486], [13.47394555, 44.79309213], [13.47422484, 44.79317938], [13.47450415, 44.7932666], [13.47478346, 44.79335382], [13.47506278, 44.79344104], [13.47534209, 44.79352826], [13.47562139, 44.79361549], [13.47590068, 44.79370274], [13.47617997, 44.79379001], [13.47645924, 44.79387729], [13.4767385, 44.79396461], [13.47701773, 44.79405195], [13.47729695, 44.79413932], [13.47757615, 44.79422673], [13.47785532, 44.79431418], [13.47813446, 44.79440168], [13.47841358, 44.79448922], [13.47869267, 44.79457681], [13.47897172, 44.79466446], [13.47925073, 44.79475216], [13.47952971, 44.79483993], [13.47980865, 44.79492776], [13.48008756, 44.79501564], [13.48036644, 44.79510357], [13.48064529, 44.79519154], [13.48092413, 44.79527953], [13.48120296, 44.79536755], [13.48148178, 44.79545558], [13.4817606, 44.7955436], [13.48203942, 44.79563162], [13.48231826, 44.79571963], [13.48259711, 44.79580761], [13.48287599, 44.79589555], [13.48315489, 44.79598345], [13.48343382, 44.7960713], [13.48371279, 44.79615909], [13.48399181, 44.79624681], [13.48427087, 44.79633446], [13.48454998, 44.79642202], [13.48482914, 44.79650952], [13.48510833, 44.79659696], [13.48538754, 44.79668436], [13.48566678, 44.79677174], [13.48594601, 44.7968591], [13.48622525, 44.79694647], [13.48650448, 44.79703386], [13.48678369, 44.79712127], [13.48706287, 44.79720873], [13.48734201, 44.79729625], [13.48762111, 44.79738384], [13.48790016, 44.79747151], [13.48817915, 44.79755929], [13.48845806, 44.79764718], [13.4887369, 44.7977352], [13.48901565, 44.79782335], [13.48929431, 44.79791165], [13.4895729, 44.79800007], [13.48985142, 44.79808859], [13.49012989, 44.79817721], [13.4904083, 44.7982659], [13.49068668, 44.79835466], [13.49096503, 44.79844347], [13.49124336, 44.7985323], [13.49152168, 44.79862116], [13.49179999, 44.79871002], [13.49207831, 44.79879887], [13.49235665, 44.7988877], [13.49263502, 44.79897648], [13.49291342, 44.79906521], [13.49319186, 44.79915387], [13.49347036, 44.79924244], [13.49374891, 44.79933093], [13.49402752, 44.79941933], [13.49430616, 44.79950766], [13.49458485, 44.79959594], [13.49486357, 44.79968416], [13.49514231, 44.79977235], [13.49542107, 44.7998605], [13.49569985, 44.79994864], [13.49597863, 44.80003676], [13.49625741, 44.80012488], [13.49653619, 44.80021302], [13.49681495, 44.80030118], [13.4970937, 44.80038936], [13.49737242, 44.80047759], [13.49765112, 44.80056586], [13.49792977, 44.8006542], [13.49820839, 44.8007426], [13.49848697, 44.80083107], [13.49876552, 44.80091957], [13.49904407, 44.80100809], [13.49932262, 44.8010966], [13.49960118, 44.8011851], [13.49987977, 44.80127354], [13.5001584, 44.80136193], [13.50043709, 44.80145022], [13.50071584, 44.80153841], [13.50099467, 44.80162648], [13.50127359, 44.80171439], [13.50155261, 44.80180214], [13.50183176, 44.80188969], [13.50211103, 44.80197704], [13.50239044, 44.80206415], [13.50267001, 44.80215102], [13.50294975, 44.80223761], [13.50322965, 44.80232394], [13.50350969, 44.80241004], [13.50378984, 44.80249596], [13.50407008, 44.80258173], [13.50435039, 44.8026674], [13.50463074, 44.802753], [13.50491111, 44.80283857], [13.50519147, 44.80292415], [13.5054718, 44.80300978], [13.50575208, 44.8030955], [13.50603227, 44.80318135], [13.50631237, 44.80326737], [13.50659233, 44.8033536], [13.50687214, 44.80344007], [13.50715178, 44.80352683], [13.50743121, 44.80361392], [13.50771043, 44.80370135], [13.50798947, 44.80378909], [13.50826832, 44.80387712], [13.50854703, 44.80396539], [13.50882561, 44.80405387], [13.50910408, 44.80414253], [13.50938246, 44.80423132], [13.50966078, 44.80432023], [13.50993906, 44.80440921], [13.51021731, 44.80449822], [13.51049556, 44.80458724], [13.51077383, 44.80467623], [13.51105214, 44.80476515], [13.51133052, 44.80485397], [13.51160898, 44.80494266], [13.51188754, 44.80503117], [13.51216623, 44.80511949], [13.51244506, 44.80520757], [13.51272402, 44.80529546], [13.5130031, 44.80538315], [13.51328228, 44.80547068], [13.51356156, 44.80555805], [13.51384092, 44.80564528], [13.51412035, 44.80573241], [13.51439984, 44.80581943], [13.51467939, 44.80590638], [13.51495896, 44.80599327], [13.51523857, 44.80608011], [13.51551819, 44.80616694], [13.51579781, 44.80625375], [13.51607743, 44.80634059], [13.51635703, 44.80642745], [13.51663659, 44.80651437], [13.51691611, 44.80660135], [13.5171956, 44.8066884], [13.51747504, 44.80677552], [13.51775443, 44.8068627], [13.5180338, 44.80694995], [13.51831312, 44.80703726], [13.51859241, 44.80712463], [13.51887166, 44.80721206], [13.51915088, 44.80729954], [13.51943007, 44.80738707], [13.51970922, 44.80747465], [13.51998835, 44.80756228], [13.52026745, 44.80764996], [13.52054653, 44.80773768], [13.52082557, 44.80782544], [13.5211046, 44.80791324], [13.5213836, 44.80800107], [13.52166258, 44.80808894], [13.52194154, 44.80817685], [13.52222049, 44.80826478], [13.52249941, 44.80835275], [13.52277832, 44.80844073], [13.52305721, 44.80852875], [13.5233361, 44.80861679], [13.52361496, 44.80870484], [13.52389382, 44.80879292], [13.52417267, 44.80888101], [13.52445151, 44.80896912], [13.52473034, 44.80905723], [13.52500917, 44.80914536], [13.52528799, 44.8092335], [13.52556681, 44.80932164], [13.52584562, 44.80940979], [13.52612444, 44.80949794], [13.52640325, 44.80958609], [13.52668207, 44.80967424], [13.52696089, 44.80976238], [13.52723971, 44.80985052], [13.52751854, 44.80993865], [13.52779738, 44.81002677], [13.52807622, 44.81011488], [13.52835507, 44.81020298], [13.52863394, 44.81029105], [13.52891281, 44.81037912], [13.5291917, 44.81046716], [13.5294706, 44.81055518], [13.52974951, 44.81064317], [13.53002845, 44.81073114], [13.5303074, 44.81081908], [13.53058637, 44.81090699], [13.53086536, 44.81099487], [13.53114437, 44.81108271], [13.5314234, 44.81117052], [13.53170246, 44.81125829], [13.53198155, 44.81134602], [13.53226066, 44.81143371], [13.5325398, 44.81152135], [13.53281896, 44.81160894], [13.53309816, 44.81169649], [13.53337739, 44.81178399], [13.53365666, 44.81187143], [13.53393596, 44.81195882], [13.53421529, 44.81204615], [13.53449466, 44.81213343], [13.53477407, 44.81222064], [13.53505352, 44.81230779], [13.53533301, 44.81239487], [13.53561254, 44.81248189], [13.53589212, 44.81256884], [13.53617174, 44.81265572], [13.53645141, 44.81274252], [13.53673112, 44.81282925], [13.53701088, 44.8129159], [13.53729069, 44.81300248], [13.53757056, 44.81308897], [13.53785046, 44.81317539], [13.53813039, 44.81326178], [13.53841033, 44.81334816], [13.53869024, 44.81343456], [13.53897013, 44.81352103], [13.53924995, 44.81360758], [13.5395297, 44.81369426], [13.53980935, 44.8137811], [13.54008888, 44.81386812], [13.54036828, 44.81395537], [13.54064752, 44.81404286], [13.54092658, 44.81413064], [13.54120545, 44.81421874], [13.54148409, 44.81430719], [13.54176251, 44.81439601], [13.54204071, 44.81448518], [13.54231873, 44.81457462], [13.54259663, 44.81466426], [13.54287445, 44.81475405], [13.54315222, 44.81484391], [13.54342998, 44.81493377], [13.54370779, 44.81502356], [13.54398568, 44.81511322], [13.5442637, 44.81520269], [13.54454188, 44.81529188], [13.54482028, 44.81538074], [13.54509892, 44.8154692], [13.5453778, 44.81555727], [13.54565691, 44.81564499], [13.54593621, 44.81573239], [13.5462157, 44.8158195], [13.54649533, 44.81590637], [13.5467751, 44.81599303], [13.54705499, 44.81607951], [13.54733496, 44.81616584], [13.54761499, 44.81625208], [13.54789507, 44.81633824], [13.54817517, 44.81642437], [13.54845528, 44.8165105], [13.54873536, 44.81659666], [13.54901539, 44.8166829], [13.54929536, 44.81676925], [13.54957524, 44.81685574], [13.54985501, 44.81694241], [13.55013466, 44.81702927], [13.5504142, 44.81711632], [13.55069364, 44.81720353], [13.55097298, 44.81729089], [13.55125223, 44.81737841], [13.5515314, 44.81746605], [13.5518105, 44.81755381], [13.55208953, 44.81764167], [13.55236851, 44.81772964], [13.55264743, 44.81781768], [13.55292631, 44.81790579], [13.55320515, 44.81799396], [13.55348397, 44.81808218], [13.55376277, 44.81817043], [13.55404156, 44.8182587], [13.55432034, 44.81834697], [13.55459912, 44.81843525], [13.55487792, 44.8185235], [13.55515673, 44.81861173], [13.55543557, 44.81869991], [13.55571444, 44.81878805], [13.55599336, 44.81887611], [13.55627232, 44.8189641], [13.55655134, 44.819052], [13.55683042, 44.8191398], [13.55710955, 44.81922753], [13.55738872, 44.81931518], [13.55766793, 44.81940278], [13.55794717, 44.81949032], [13.55822644, 44.81957781], [13.55850573, 44.81966528], [13.55878504, 44.81975272], [13.55906435, 44.81984015], [13.55934367, 44.81992758], [13.55962298, 44.82001502], [13.55990228, 44.82010247], [13.56018157, 44.82018995], [13.56046083, 44.82027746], [13.56074007, 44.82036502], [13.56101927, 44.82045264], [13.56129843, 44.82054032], [13.56157754, 44.82062808], [13.56185662, 44.8207159], [13.56213566, 44.82080378], [13.56241467, 44.82089171], [13.56269365, 44.82097969], [13.56297261, 44.82106769], [13.56325156, 44.82115572], [13.5635305, 44.82124377], [13.56380943, 44.82133183], [13.56408837, 44.82141988], [13.56436731, 44.82150793], [13.56464626, 44.82159595], [13.56492523, 44.82168396], [13.56520422, 44.82177193], [13.56548323, 44.82185985], [13.56576228, 44.82194773], [13.56604136, 44.82203554], [13.56632048, 44.82212331], [13.56659961, 44.82221105], [13.56687877, 44.82229876], [13.56715792, 44.82238646], [13.56743708, 44.82247416], [13.56771623, 44.82256187], [13.56799537, 44.82264961], [13.56827448, 44.82273739], [13.56855356, 44.82282522], [13.5688326, 44.82291311], [13.5691116, 44.82300108], [13.56939054, 44.82308914], [13.56966942, 44.8231773], [13.56994823, 44.82326557], [13.57022696, 44.82335397], [13.57050561, 44.82344251], [13.57078417, 44.82353119], [13.57106266, 44.82361998], [13.57134111, 44.82370884], [13.57161954, 44.82379774], [13.57189797, 44.82388663], [13.57217643, 44.82397548], [13.57245494, 44.82406424], [13.57273352, 44.82415289], [13.5730122, 44.82424138], [13.573291, 44.82432967], [13.57356995, 44.82441773], [13.57384907, 44.82450551], [13.57412838, 44.82459299], [13.5744079, 44.82468011], [13.57468766, 44.82476684], [13.57496769, 44.82485314], [13.575248, 44.82493898], [13.57552858, 44.82502439], [13.57580937, 44.82510946], [13.57609032, 44.82519427], [13.57637137, 44.82527891], [13.57665247, 44.82536348], [13.57693355, 44.82544807], [13.57721457, 44.82553276], [13.57749547, 44.82561765], [13.5777762, 44.82570282], [13.57805669, 44.82578837], [13.5783369, 44.82587439], [13.57861676, 44.82596097], [13.57889623, 44.82604819], [13.57917524, 44.82613615], [13.57945374, 44.82622494], [13.57973168, 44.82631464], [13.58000913, 44.82640514], [13.58028625, 44.82649617], [13.58056321, 44.82658745], [13.58084019, 44.82667869], [13.58111736, 44.82676963], [13.58139488, 44.82685997], [13.58167294, 44.82694945], [13.58195169, 44.82703777], [13.58223131, 44.82712466], [13.58251197, 44.82720985], [13.58279358, 44.82729347], [13.58307587, 44.82737599], [13.58335852, 44.82745792], [13.58364123, 44.82753975], [13.58392371, 44.82762197], [13.58420567, 44.82770506], [13.58448701, 44.82778918], [13.58476778, 44.82787424], [13.58504803, 44.82796016], [13.5853278, 44.82804687], [13.58560716, 44.82813428], [13.58588613, 44.82822232], [13.58616478, 44.8283109], [13.58644315, 44.82839994], [13.58672129, 44.82848937], [13.58699925, 44.82857911], [13.58727707, 44.82866906], [13.58755481, 44.82875916], [13.58783251, 44.82884932], [13.58811022, 44.82893947], [13.58838799, 44.82902951], [13.58866586, 44.82911938], [13.58894387, 44.82920903], [13.58922201, 44.82929847], [13.58950027, 44.8293877], [13.58977866, 44.82947673], [13.59005715, 44.82956557], [13.59033576, 44.82965424], [13.59061447, 44.82974273], [13.59089328, 44.82983107], [13.59117218, 44.82991925], [13.59145116, 44.83000728], [13.59173024, 44.83009519], [13.59200938, 44.83018296], [13.5922886, 44.83027062], [13.59256789, 44.83035817], [13.59284723, 44.83044562], [13.59312664, 44.83053297], [13.59340609, 44.83062025], [13.59368559, 44.83070745], [13.59396513, 44.83079459], [13.59424471, 44.83088167], [13.59452431, 44.83096871], [13.59480394, 44.8310557], [13.59508359, 44.83114267], [13.59536325, 44.83122962], [13.59564292, 44.83131655], [13.5959226, 44.83140348], [13.59620228, 44.8314904], [13.59648196, 44.83157733], [13.59676163, 44.83166426], [13.5970413, 44.83175121], [13.59732097, 44.83183817], [13.59760062, 44.83192515], [13.59788025, 44.83201215], [13.59815987, 44.83209919], [13.59843947, 44.83218626], [13.59871904, 44.83227337], [13.59899859, 44.83236052], [13.59927811, 44.83244772], [13.5995576, 44.83253498], [13.59983705, 44.83262229], [13.60011647, 44.83270967], [13.60039584, 44.83279711], [13.60067517, 44.83288462], [13.60095446, 44.83297221], [13.6012337, 44.83305988], [13.60151288, 44.83314764], [13.601792, 44.83323549], [13.60207107, 44.83332343], [13.60235008, 44.83341147], [13.60262904, 44.8334996], [13.60290795, 44.8335878], [13.60318682, 44.83367606], [13.60346567, 44.83376436], [13.60374451, 44.83385268], [13.60402334, 44.83394101], [13.60430218, 44.83402933], [13.60458103, 44.83411763], [13.60485991, 44.83420588], [13.60513883, 44.83429408], [13.60541779, 44.8343822], [13.60569681, 44.83447023], [13.60597589, 44.83455815], [13.60625505, 44.83464595], [13.6065343, 44.83473361], [13.60681364, 44.83482111], [13.60709309, 44.83490844], [13.60737265, 44.83499558], [13.60765234, 44.83508251], [13.60793217, 44.83516923], [13.60821215, 44.8352557], [13.60849228, 44.83534192], [13.60877258, 44.83542787], [13.60905302, 44.83551358], [13.60933355, 44.83559917], [13.60961409, 44.83568472], [13.60989457, 44.83577037], [13.61017495, 44.8358562], [13.61045514, 44.83594233], [13.61073508, 44.83602886], [13.61101472, 44.83611588], [13.61129409, 44.83620334], [13.61157324, 44.83629117], [13.61185221, 44.83637928], [13.61213106, 44.8364676], [13.61240983, 44.83655604], [13.61268857, 44.83664454], [13.61296732, 44.83673301], [13.61324615, 44.83682138], [13.61352509, 44.83690955], [13.61380419, 44.83699747], [13.61408346, 44.83708511], [13.61436287, 44.83717253], [13.61464238, 44.83725978], [13.61492197, 44.83734691], [13.61520159, 44.83743398], [13.61548123, 44.83752104], [13.61576083, 44.83760814], [13.61604038, 44.83769534], [13.61631983, 44.83778268], [13.61659916, 44.83787024], [13.61687835, 44.83795802], [13.61715741, 44.83804601], [13.61743637, 44.83813416], [13.61771525, 44.83822243], [13.61799407, 44.8383108], [13.61827287, 44.83839922], [13.61855164, 44.83848767], [13.61883041, 44.83857614], [13.61910917, 44.83866461], [13.61938793, 44.83875308], [13.61966671, 44.83884154], [13.6199455, 44.83892996], [13.62022431, 44.83901835], [13.62050316, 44.83910669], [13.62078204, 44.83919497], [13.62106098, 44.83928317], [13.62133996, 44.83937129], [13.621619, 44.83945932], [13.62189811, 44.83954723], [13.6221773, 44.83963503], [13.62245656, 44.8397227], [13.62273591, 44.83981022], [13.62301536, 44.8398976], [13.62329489, 44.83998484], [13.6235745, 44.84007195], [13.62385418, 44.84015895], [13.62413393, 44.84024584], [13.62441373, 44.84033265], [13.62469357, 44.84041938], [13.62497346, 44.84050605], [13.62525338, 44.84059267], [13.62553332, 44.84067926], [13.62581327, 44.84076582], [13.62609323, 44.84085237], [13.6263732, 44.84093892], [13.62665315, 44.84102548], [13.62693308, 44.84111208], [13.62721299, 44.84119872], [13.62749287, 44.84128541], [13.62777271, 44.84137217], [13.6280525, 44.84145901], [13.62833223, 44.84154594], [13.62861189, 44.84163298], [13.62889149, 44.84172013], [13.62917101, 44.84180741], [13.62945046, 44.84189479], [13.62972986, 44.84198227], [13.6300092, 44.84206984], [13.6302885, 44.84215748], [13.63056776, 44.84224518], [13.63084698, 44.84233294], [13.63112618, 44.84242074], [13.63140536, 44.84250858], [13.63168453, 44.84259643], [13.63196369, 44.84268429], [13.63224286, 44.84277215], [13.63252203, 44.84286], [13.63280121, 44.84294783], [13.63308042, 44.84303562], [13.63335966, 44.84312337], [13.63363893, 44.84321106], [13.63391824, 44.84329869], [13.63419759, 44.84338624], [13.63447701, 44.8434737], [13.63475648, 44.84356106], [13.63503603, 44.84364831], [13.63531564, 44.84373544], [13.63559534, 44.84382244], [13.63587513, 44.84390929], [13.63615501, 44.843996], [13.63643497, 44.84408258], [13.63671498, 44.84416906], [13.63699503, 44.84425549], [13.6372751, 44.84434189], [13.63755517, 44.8444283], [13.63783521, 44.84451475], [13.63811521, 44.84460126], [13.63839515, 44.84468789], [13.638675, 44.84477465], [13.63895475, 44.84486159], [13.63923438, 44.84494871], [13.6395139, 44.84503603], [13.63979329, 44.84512354], [13.64007255, 44.84521127], [13.64035169, 44.8452992], [13.64063068, 44.84538736], [13.64090954, 44.84547574], [13.64118824, 44.84556435], [13.6414668, 44.84565321], [13.6417452, 44.84574231], [13.64202344, 44.84583167], [13.64230152, 44.84592128], [13.64257938, 44.84601123], [13.64285668, 44.84610206], [13.64313293, 44.84619449], [13.64340779, 44.84628903], [13.64368091, 44.84638607], [13.64395202, 44.84648597], [13.64422098, 44.8465888], [13.64448769, 44.84669453], [13.64475208, 44.84680316], [13.64501412, 44.84691461], [13.6452741, 44.84702846], [13.64553242, 44.84714419], [13.64578946, 44.84726136], [13.64604559, 44.84737955], [13.64630115, 44.84749836], [13.6465565, 44.8476174], [13.64681176, 44.84773653], [13.64706683, 44.84785585], [13.64732162, 44.84797549], [13.64757602, 44.84809555], [13.64782993, 44.84821613], [13.64808349, 44.8483371], [13.64833707, 44.84845806], [13.64859105, 44.84857857], [13.64884583, 44.84869821], [13.64910179, 44.84881656], [13.64935901, 44.84893354], [13.64961687, 44.84904981], [13.64987468, 44.84916614], [13.65013173, 44.8492833], [13.65038753, 44.84940182], [13.65064228, 44.8495215], [13.65089628, 44.849642], [13.65114981, 44.84976301], [13.65140319, 44.84988418], [13.65165672, 44.8500052], [13.65191064, 44.85012579], [13.65216492, 44.85024598], [13.65241948, 44.85036587], [13.6526742, 44.85048559], [13.65292903, 44.85060519], [13.65318397, 44.85072469], [13.653439, 44.85084407], [13.65369413, 44.85096336], [13.65394935, 44.85108254], [13.65420466, 44.85120163], [13.65446007, 44.85132062], [13.65471555, 44.85143952], [13.65497112, 44.85155833], [13.65522677, 44.85167706], [13.65548247, 44.85179572], [13.65573824, 44.85191432], [13.65599405, 44.85203287], [13.65624988, 44.85215139], [13.65650572, 44.85226992], [13.65676153, 44.85238848], [13.65701727, 44.85250711], [13.65727291, 44.85262584], [13.65752843, 44.85274471], [13.6577838, 44.85286375], [13.65803897, 44.85298299], [13.65829393, 44.85310247], [13.65854864, 44.85322222], [13.65880306, 44.85334228], [13.65905719, 44.85346266], [13.65931108, 44.85358328], [13.65956484, 44.85370406], [13.65981855, 44.85382489], [13.6600723, 44.85394567], [13.6603262, 44.85406628], [13.66058035, 44.85418665], [13.66083482, 44.85430665], [13.66108972, 44.85442619], [13.66134512, 44.85454519], [13.66160095, 44.85466373], [13.66185705, 44.85478198], [13.66211325, 44.85490011], [13.66236941, 44.8550183], [13.66262537, 44.8551367], [13.66288101, 44.85525545], [13.66313634, 44.85537454], [13.66339139, 44.85549393], [13.6636462, 44.85561357], [13.66390082, 44.85573344], [13.66415526, 44.85585348], [13.66440958, 44.85597367], [13.6646638, 44.85609396], [13.66491796, 44.85621431], [13.66517211, 44.85633469], [13.66542626, 44.85645505], [13.66568047, 44.85657536], [13.66593476, 44.85669558], [13.66618917, 44.85681567], [13.66644371, 44.85693561], [13.66669838, 44.85705543], [13.66695315, 44.85717512], [13.66720803, 44.85729471], [13.66746299, 44.85741421], [13.66771802, 44.85753364], [13.66797311, 44.857653], [13.66822825, 44.8577723], [13.66848342, 44.85789157], [13.66873862, 44.85801082], [13.66899382, 44.85813006], [13.66924903, 44.85824929], [13.66950422, 44.85836855], [13.66975939, 44.85848783], [13.67001454, 44.85860713], [13.67026968, 44.85872643], [13.67052485, 44.85884572], [13.67078004, 44.85896498], [13.67103528, 44.85908418], [13.67129059, 44.85920332], [13.67154597, 44.85932237], [13.67180144, 44.85944132], [13.67205703, 44.85956015], [13.67231274, 44.85967884], [13.6725686, 44.85979738], [13.67282461, 44.85991575], [13.67308077, 44.86003395], [13.67333702, 44.86015206], [13.67359331, 44.86027013], [13.67384957, 44.86038823], [13.67410575, 44.86050642], [13.67436178, 44.86062477], [13.67461762, 44.86074333], [13.67487324, 44.86086212], [13.67512867, 44.86098113], [13.67538392, 44.86110032], [13.67563902, 44.86121969], [13.67589399, 44.86133919], [13.67614885, 44.86145882], [13.67640362, 44.86157855], [13.67665833, 44.86169835], [13.67691298, 44.8618182], [13.67716761, 44.86193808], [13.67742223, 44.86205797], [13.67767686, 44.86217785], [13.67793154, 44.86229768], [13.67818627, 44.86241745], [13.67844108, 44.86253714], [13.67869598, 44.86265673], [13.67895098, 44.86277621], [13.67920606, 44.86289561], [13.67946119, 44.86301495], [13.67971638, 44.86313423], [13.6799716, 44.86325347], [13.68022685, 44.86337269], [13.6804821, 44.8634919], [13.68073737, 44.8636111], [13.68099264, 44.86373029], [13.68124792, 44.86384948], [13.68150319, 44.86396868], [13.68175845, 44.86408788], [13.68201371, 44.86420709], [13.68226896, 44.86432631], [13.68252419, 44.86444555], [13.6827794, 44.86456481], [13.6830346, 44.86468409], [13.68328976, 44.86480341], [13.68354489, 44.86492275], [13.6838, 44.86504214], [13.68405507, 44.86516155], [13.68431012, 44.86528099], [13.68456515, 44.86540045], [13.68482017, 44.86551993], [13.68507516, 44.86563943], [13.68533015, 44.86575894], [13.68558513, 44.86587846], [13.68584011, 44.86599798], [13.68609508, 44.86611751], [13.68635007, 44.86623703], [13.68660505, 44.86635654], [13.68686005, 44.86647604], [13.68711507, 44.86659552], [13.6873701, 44.86671499], [13.68762516, 44.86683443], [13.68788024, 44.86695385], [13.68813535, 44.86707323], [13.68839049, 44.86719258], [13.68864566, 44.8673119], [13.68890086, 44.86743119], [13.6891561, 44.86755044], [13.68941137, 44.86766966], [13.68966666, 44.86778884], [13.68992199, 44.86790799], [13.69017735, 44.86802711], [13.69043274, 44.8681462], [13.69068816, 44.86826525], [13.69094361, 44.86838428], [13.69119909, 44.86850327], [13.6914546, 44.86862223], [13.69171014, 44.86874116], [13.69196568, 44.86886008], [13.69222121, 44.86897902], [13.69247669, 44.86909801], [13.69273211, 44.86921708], [13.69298743, 44.86933624], [13.69324268, 44.86945548], [13.69349787, 44.86957479], [13.69375301, 44.86969415], [13.69400812, 44.86981356], [13.6942632, 44.86993299], [13.69451827, 44.87005243], [13.69477334, 44.87017188], [13.69502842, 44.8702913], [13.69528353, 44.8704107], [13.69553868, 44.87053007], [13.69579385, 44.8706494], [13.69604905, 44.8707687], [13.69630428, 44.87088798], [13.69655953, 44.87100724], [13.69681479, 44.87112647], [13.69707007, 44.8712457], [13.69732536, 44.87136491], [13.69758066, 44.87148411], [13.69783596, 44.8716033], [13.69809127, 44.87172249], [13.69834659, 44.87184168], [13.69860191, 44.87196086], [13.69885723, 44.87208004], [13.69911255, 44.87219923], [13.69936787, 44.87231841], [13.69962318, 44.8724376], [13.69987849, 44.8725568], [13.70013379, 44.872676], [13.70038908, 44.87279522], [13.70064437, 44.87291444], [13.70089964, 44.87303368], [13.7011549, 44.87315293], [13.70141015, 44.87327219], [13.7016654, 44.87339145], [13.70192065, 44.87351072], [13.70217589, 44.87362999], [13.70243114, 44.87374926], [13.70268639, 44.87386853], [13.70294164, 44.8739878], [13.7031969, 44.87410705], [13.70345217, 44.8742263], [13.70370745, 44.87434554], [13.70396274, 44.87446476], [13.70421805, 44.87458397], [13.70447337, 44.87470316], [13.70472872, 44.87482233], [13.70498408, 44.87494147], [13.70523947, 44.8750606], [13.70549489, 44.87517969], [13.70575033, 44.87529876], [13.7060058, 44.87541779], [13.7062613, 44.8755368], [13.70651682, 44.87565577], [13.70677237, 44.87577473], [13.70702792, 44.87589368], [13.70728347, 44.87601263], [13.70753902, 44.87613159], [13.70779455, 44.87625057], [13.70805005, 44.87636957], [13.70830552, 44.87648861], [13.70856095, 44.87660769], [13.70881633, 44.87672683], [13.70907166, 44.87684604], [13.70932691, 44.87696531], [13.70958209, 44.87708467], [13.70983719, 44.87720411], [13.7100922, 44.87732366], [13.71034711, 44.8774433], [13.71060196, 44.87756302], [13.71085679, 44.87768276], [13.71111164, 44.87780248], [13.71136656, 44.87792213], [13.71162158, 44.87804165], [13.71187676, 44.87816102], [13.71213214, 44.87828017], [13.71238776, 44.87839906], [13.71264361, 44.8785177], [13.71289959, 44.8786362], [13.71315558, 44.87875469], [13.71341147, 44.8788733], [13.71366714, 44.87899214], [13.71392247, 44.87911134], [13.71417735, 44.87923103], [13.71443166, 44.87935133], [13.71468533, 44.87947233], [13.7149385, 44.87959386], [13.71519141, 44.87971568], [13.7154443, 44.87983751], [13.71569741, 44.8799591], [13.71595098, 44.88008019], [13.71620526, 44.88020052], [13.71646047, 44.88031983], [13.71671683, 44.88043791], [13.71697411, 44.88055499], [13.71723187, 44.88067154], [13.71748966, 44.88078807], [13.71774702, 44.88090507], [13.7180035, 44.88102302], [13.71825866, 44.8811424], [13.71851259, 44.88126311], [13.7187659, 44.88138449], [13.71901928, 44.88150581], [13.71927335, 44.88162638], [13.71952835, 44.88174595], [13.71978422, 44.88186459], [13.7200409, 44.88198236], [13.72029872, 44.88209887], [13.72055813, 44.88221355], [13.72081958, 44.88232587], [13.72108325, 44.88243557], [13.72134901, 44.88254268], [13.72161677, 44.88264725], [13.72188623, 44.88274956], [13.72215695, 44.88285017], [13.72242859, 44.88294951], [13.72270111, 44.88304764], [13.72297448, 44.8831446], [13.723249, 44.88323991], [13.72352552, 44.88333221], [13.72380483, 44.88342018], [13.72408687, 44.88350369], [13.72437123, 44.88358309], [13.72465737, 44.88365915], [13.72494455, 44.8837332], [13.72523203, 44.88380668], [13.72551954, 44.88388005], [13.72580755, 44.88395246], [13.72609654, 44.88402294], [13.72638696, 44.88409036], [13.7266792, 44.88415353], [13.72697325, 44.88421234], [13.72726845, 44.88426834], [13.72756411, 44.88432315], [13.72786012, 44.88437689], [13.72815701, 44.88442796], [13.72845521, 44.88447502], [13.72875462, 44.88451826], [13.72905495, 44.88455826], [13.72935594, 44.88459559], [13.72965751, 44.8846304], [13.72995961, 44.88466266], [13.73026222, 44.88469233], [13.73056527, 44.88471964], [13.73086866, 44.88474514], [13.73117226, 44.88476941], [13.731476, 44.88479281], [13.73177993, 44.88481484], [13.73208412, 44.88483481], [13.73238867, 44.88485201], [13.73269359, 44.88486576], [13.73299881, 44.88487535], [13.73330421, 44.88488014], [13.7336097, 44.88488057], [13.73391521, 44.88487816], [13.73422069, 44.88487403], [13.73452606, 44.88486785], [13.73483127, 44.88485895], [13.7351363, 44.88484719], [13.73544125, 44.88483393], [13.73574612, 44.88481977], [13.73605076, 44.88480353], [13.73635498, 44.88478394], [13.73665866, 44.88476024], [13.73696174, 44.88473283], [13.73726421, 44.88470223], [13.73756615, 44.88466921], [13.7378678, 44.88463487], [13.7381694, 44.88460036], [13.7384712, 44.88456671], [13.7387732, 44.88453405], [13.73907533, 44.88450193], [13.73937748, 44.88446991], [13.73967957, 44.88443753], [13.73998157, 44.88440478], [13.74028364, 44.88437237], [13.74058592, 44.88434107], [13.74088856, 44.88431151], [13.74119147, 44.88428332], [13.74149449, 44.88425567], [13.74179745, 44.88422775], [13.74210018, 44.88419871], [13.74240253, 44.88416781], [13.7427045, 44.88413506], [13.74300624, 44.88410111], [13.74330787, 44.88406664], [13.74360953, 44.88403232], [13.74391136, 44.8839988], [13.74421342, 44.88396634], [13.74451558, 44.88393439], [13.74481772, 44.88390235], [13.74511972, 44.88386969], [13.7454216, 44.88383642], [13.74572339, 44.88380275], [13.74602515, 44.88376889], [13.7463269, 44.88373505], [13.7466287, 44.88370142], [13.74693059, 44.88366822], [13.74723262, 44.88363565], [13.7475348, 44.88360384], [13.74783712, 44.88357264], [13.74813952, 44.88354186], [13.74844197, 44.88351131], [13.74874442, 44.88348079], [13.74904684, 44.8834501], [13.74934918, 44.88341905], [13.7496514, 44.88338747], [13.74995359, 44.88335571], [13.75025592, 44.88332455], [13.75055857, 44.88329484], [13.75086168, 44.88326764], [13.75116535, 44.88324413], [13.75146965, 44.88322516], [13.75177443, 44.88321007], [13.75207947, 44.88319778], [13.75238459, 44.88318722], [13.75268975, 44.88317786], [13.75299501, 44.88316944], [13.75330043, 44.8831618], [13.75360592, 44.88315674], [13.75391128, 44.8831577], [13.75421641, 44.8831664], [13.75452142, 44.88317936], [13.7548265, 44.88319208], [13.7551317, 44.88320241], [13.75543683, 44.88321272], [13.75574168, 44.88322588], [13.75604607, 44.88324408], [13.7563499, 44.88326709], [13.75665311, 44.88329418], [13.75695562, 44.88332463], [13.75725752, 44.88335773], [13.75755901, 44.88339276], [13.75786025, 44.88342909], [13.75816109, 44.88346712], [13.75846111, 44.88350799], [13.75875992, 44.88355282], [13.75905753, 44.88360151], [13.75935453, 44.88365242], [13.75965153, 44.88370376], [13.7599487, 44.88375486], [13.76024504, 44.883808], [13.76053934, 44.88386592], [13.76083052, 44.88393114], [13.76111935, 44.88400191], [13.76140838, 44.88407244], [13.76169905, 44.88413937], [13.76199006, 44.88420545], [13.76227968, 44.88427435], [13.76256684, 44.88434834], [13.76285183, 44.88442665], [13.76313514, 44.88450815], [13.76341723, 44.88459172], [13.76369837, 44.88467676], [13.76397859, 44.88476322], [13.76425794, 44.88485107], [13.76453646, 44.88494027], [13.76481419, 44.88503074], [13.76509118, 44.88512236], [13.76536748, 44.88521502], [13.76564315, 44.8853086], [13.7659183, 44.88540293], [13.76619306, 44.88549781], [13.7664676, 44.88559302], [13.76674205, 44.88568836], [13.76701658, 44.88578363], [13.76729131, 44.88587862], [13.76756642, 44.88597312], [13.76784203, 44.88606694], [13.76811838, 44.8861597], [13.76839611, 44.88625028], [13.76867597, 44.88633729], [13.76895863, 44.88641952], [13.76924375, 44.88649749], [13.7695304, 44.88657277], [13.76981764, 44.88664691], [13.77010491, 44.88672086], [13.77039237, 44.88679435], [13.77068029, 44.88686693], [13.7709689, 44.88693819], [13.77125789, 44.88700876], [13.7715457, 44.88708155], [13.77183077, 44.88715945], [13.77211322, 44.88724223], [13.77239412, 44.8873278], [13.77267451, 44.88741416], [13.77295492, 44.88750038], [13.77323548, 44.88758628], [13.77351634, 44.88767169], [13.77379746, 44.88775671], [13.77407857, 44.88784177], [13.77435939, 44.88792731], [13.77463983, 44.88801349], [13.77491984, 44.88810037], [13.7751994, 44.88818796], [13.77547849, 44.88827631], [13.77575707, 44.88836546], [13.77603513, 44.88845543], [13.77631272, 44.88854613], [13.77658992, 44.88863743], [13.77686682, 44.88872921], [13.77714348, 44.88882134], [13.77742, 44.88891369], [13.77769646, 44.88900614], [13.77797291, 44.88909859], [13.77824937, 44.88919102], [13.77852583, 44.88928345], [13.7788023, 44.88937586], [13.77907879, 44.88946823], [13.77935531, 44.88956058], [13.77963188, 44.88965287], [13.77990849, 44.88974511], [13.78018513, 44.8898373], [13.78046164, 44.88992971], [13.78073776, 44.8900227], [13.78101322, 44.89011663], [13.78128778, 44.89021187], [13.78156121, 44.89030871], [13.78183378, 44.89040681], [13.78210599, 44.89050544], [13.78237836, 44.89060387], [13.7826512, 44.89070164], [13.78292418, 44.89079921], [13.78319684, 44.8908972], [13.78346872, 44.89099624], [13.78373937, 44.89109691], [13.78400878, 44.89119926], [13.78427723, 44.89130294], [13.78454502, 44.89140756], [13.78481244, 44.89151276], [13.78507985, 44.89161804], [13.78534779, 44.89172262], [13.78561679, 44.8918257], [13.78588741, 44.89192647], [13.78616019, 44.89202412], [13.78643559, 44.89211796], [13.78671321, 44.89220859], [13.78699208, 44.89229742], [13.78727123, 44.89238584], [13.78754982, 44.89247512], [13.78782769, 44.89256545], [13.78810498, 44.89265663], [13.78838183, 44.89274849], [13.78865837, 44.89284081], [13.78893473, 44.8929334], [13.78921101, 44.89302613], [13.78948726, 44.89311892], [13.78976352, 44.8932117], [13.79003978, 44.89330447], [13.79031588, 44.89339749], [13.79059155, 44.89349113], [13.79086662, 44.89358565], [13.79114151, 44.89368047], [13.79141666, 44.89377494], [13.79169101, 44.89387055], [13.79196287, 44.89396961], [13.79223183, 44.89407268], [13.79249904, 44.89417805], [13.7927651, 44.89428484], [13.79302999, 44.89439308], [13.79329368, 44.8945028], [13.79355609, 44.89461409], [13.79381664, 44.89472754], [13.79407456, 44.89484395], [13.79432999, 44.89496311], [13.79458397, 44.89508388], [13.79483749, 44.89520517], [13.79509052, 44.89532696], [13.79534198, 44.89545031], [13.79559081, 44.89557631], [13.79583655, 44.89570539], [13.79607952, 44.89583715], [13.79632011, 44.89597112], [13.7965587, 44.89610685], [13.79679582, 44.89624379], [13.79703251, 44.89638118], [13.79726843, 44.8965193], [13.79749946, 44.89666135], [13.79772312, 44.89680926], [13.7979441, 44.89695932], [13.79816818, 44.89710699], [13.79839517, 44.89725238], [13.79862123, 44.8973985], [13.79884654, 44.8975452], [13.79907273, 44.89769123], [13.7993009, 44.89783569], [13.79953169, 44.89797802], [13.79976334, 44.89811966], [13.79999252, 44.89826329], [13.80022075, 44.8984077], [13.80045119, 44.8985503], [13.80068333, 44.89869155], [13.80091575, 44.89883262], [13.80114612, 44.89897532], [13.80137186, 44.89912164], [13.80159301, 44.89927151], [13.80181397, 44.89942154], [13.80203784, 44.89956935], [13.8022641, 44.89971532], [13.80249181, 44.89986017], [13.80272002, 44.90000464], [13.80294778, 44.90014945], [13.80317454, 44.90029503], [13.80340006, 44.90044157], [13.80362421, 44.90058921], [13.80384792, 44.90073719], [13.80407293, 44.90088413], [13.80430103, 44.90102862], [13.80453215, 44.90117072], [13.80476098, 44.90131462], [13.80498525, 44.90146213], [13.80520832, 44.9016106], [13.80543354, 44.90175741], [13.80566222, 44.90190146], [13.80589164, 44.90204492], [13.81052814, 44.90499971]]]}, "geometry_name": "the_geom", "properties": {"id": null, "name": "IVANA K - PULA", "status": "Active", "medium": "Gas", "operator": "INAgip", "size_in": "18", "length_m": 45300, "year": "2006", "from_loc": "IVANA K", "to_loc": "PULA", "country_co": "HR", "country": "Croatia", "notes": null}}, {"type": "Feature", "id": "pipelines.27", "geometry": {"type": "MultiLineString", "coordinates": [[[13.49154487, 44.3635373], [13.49136002, 44.36340522], [13.49138459, 44.36303463], [13.49185708, 44.36242327], [13.49278986, 44.36118599], [13.49394031, 44.35967968], [13.4948395, 44.35847615], [13.4958753, 44.35711137], [13.49649445, 44.35631574], [13.49852842, 44.35360194], [13.50037575, 44.35116356], [13.50182639, 44.34929398], [13.50299769, 44.34785195], [13.50375279, 44.34700117], [13.50425647, 44.3464703], [13.50447304, 44.34626706], [13.50712961, 44.34381198], [13.51013236, 44.34108829], [13.51239393, 44.33902523], [13.51459352, 44.33703118], [13.51662317, 44.33520395], [13.51811642, 44.33384725], [13.52047224, 44.33171961], [13.52218762, 44.33016577], [13.52389912, 44.32860808], [13.52573471, 44.32694446], [13.5271605, 44.32564501], [13.52875175, 44.3242111], [13.53041987, 44.3226838], [13.53243967, 44.32085454], [13.53354648, 44.31986394], [13.53537806, 44.31818788], [13.53695335, 44.31677426], [13.53907044, 44.31484349], [13.54093159, 44.31315556], [13.54271648, 44.31153504], [13.54470821, 44.30972987], [13.5470992, 44.30755666], [13.54958888, 44.30529859], [13.55098804, 44.3040346], [13.55373645, 44.30154608], [13.55575576, 44.29971766], [13.5589889, 44.29676744], [13.56189765, 44.29408521], [13.56339302, 44.29252896], [13.56458234, 44.2911074], [13.56569177, 44.28955122], [13.56687566, 44.28753825], [13.56775005, 44.28592706], [13.56858819, 44.28437177], [13.569923, 44.28192078], [13.5701357, 44.28150314], [13.57077992, 44.2803097], [13.57133593, 44.27913727], [13.57221139, 44.27753308], [13.57291664, 44.27631332], [13.57331945, 44.27641891]]]}, "geometry_name": "the_geom", "properties": {"id": null, "name": "IKA JZ - IKA A", "status": "Active", "medium": "Gas, Water, Air", "operator": "INAgip", "size_in": "10 + 3 + 2", "length_m": 11790, "year": "2013", "from_loc": "IKA JZ", "to_loc": "IKA A", "country_co": "HR", "country": "Croatia", "notes": null}}, {"type": "Feature", "id": "pipelines.28", "geometry": {"type": "MultiLineString", "coordinates": [[[13.81599154, 44.07723875], [13.81738042, 44.07712673], [13.81899448, 44.07703331], [13.82001907, 44.07694531], [13.82187262, 44.07688495], [13.82542407, 44.07679763], [13.829489, 44.07673852], [13.83402486, 44.07660988], [13.8366522, 44.07653682], [13.84156656, 44.07639535], [13.84600504, 44.07627542], [13.84960997, 44.07618321], [13.85425986, 44.07604969], [13.85998238, 44.07587123], [13.86703147, 44.0756827], [13.87408259, 44.07549077], [13.88003451, 44.07532023], [13.88534503, 44.0751804], [13.8925142, 44.07497345], [13.898621, 44.07482308], [13.90031497, 44.07478078], [13.90825744, 44.07456057], [13.91610818, 44.07433417], [13.92267284, 44.07414048], [13.93149018, 44.0738799], [13.93821942, 44.07367416], [13.94648552, 44.07344161], [13.95046396, 44.07331049], [13.95311689, 44.07324984], [13.95993024, 44.07305368], [13.96675186, 44.07286079], [13.97422613, 44.07264931], [13.98181492, 44.07244196], [13.98959362, 44.07220383], [13.99484565, 44.07202094], [14.0008908, 44.07171671], [14.00271775, 44.07161365], [14.00561526, 44.07144426], [14.00560156, 44.07168101]]]}, "geometry_name": "the_geom", "properties": {"id": null, "name": "MARICA - BARBARA", "status": "Active", "medium": "Gas", "operator": "INAgip", "size_in": "14", "length_m": 15230, "year": "2004", "from_loc": "MARICA", "to_loc": "BARBARA", "country_co": "HR", "country": "Croatia", "notes": null}}, {"type": "Feature", "id": "pipelines.29", "geometry": {"type": "MultiLineString", "coordinates": [[[14.00596056, 44.07157043], [14.00625574, 44.07171399], [14.00657001, 44.07144059], [14.00972618, 44.0687894], [14.01363172, 44.06547898], [14.01755508, 44.062144], [14.02198524, 44.05837151], [14.02705813, 44.05405062], [14.03123839, 44.05053089], [14.03287201, 44.04912454], [14.03380153, 44.04832453], [14.03851393, 44.04431366], [14.04166023, 44.04163889], [14.04538588, 44.03845722], [14.04950776, 44.03496261], [14.05340341, 44.03164767], [14.05717866, 44.02843765], [14.06141386, 44.02482209], [14.06605291, 44.02087356], [14.06928111, 44.01810704], [14.07182274, 44.0159623], [14.07758477, 44.01103348], [14.08208643, 44.00720717], [14.08815113, 44.002024], [14.0934003, 43.9975725], [14.09859412, 43.9931079], [14.10348009, 43.98900321], [14.10376226, 43.98915452]]]}, "geometry_name": "the_geom", "properties": {"id": null, "name": "KATARINA - MARICA", "status": "Active", "medium": "Gas", "operator": "INAgip", "size_in": "14", "length_m": 12100, "year": "2006", "from_loc": "KATARINA", "to_loc": "MARICA", "country_co": "HR", "country": "Croatia", "notes": null}}, {"type": "Feature", "id": "pipelines.2", "geometry": {"type": "MultiLineString", "coordinates": [[[-6.91259767, 36.96954641], [-6.91129872, 36.96943407], [-6.75357218, 37.05552489], [-6.7139774, 37.08195336], [-6.71232698, 37.08305431], [-6.64540189, 37.12765369], [-6.56832126, 37.23108022]], [[-6.91259767, 36.96954641], [-7.08928421, 36.85231061]], [[-6.91259767, 36.96954641], [-7.18720484, 36.99296639]]]}, "geometry_name": "the_geom", "properties": {"id": null, "name": "Ramal a Poseiden", "status": "Active", "medium": null, "operator": null, "size_in": null, "length_m": 87989.1255444, "year": null, "from_loc": null, "to_loc": null, "country_co": "ES", "country": "Spain", "notes": null}}, {"type": "Feature", "id": "pipelines.1", "geometry": {"type": "MultiLineString", "coordinates": [[[-5.87186004, 35.99550515], [-5.87103679, 35.99752107], [-5.8706149, 36.00898341], [-5.8703376, 36.01486825], [-5.8700969, 36.01988928], [-5.86989286, 36.02380996], [-5.86962195, 36.02725909], [-5.86953087, 36.02788762], [-5.86941789, 36.02854822], [-5.86862579, 36.03140826], [-5.86733455, 36.03615703], [-5.8659757, 36.04129719], [-5.86506973, 36.0449778], [-5.8640518, 36.04899677], [-5.86287395, 36.05360536], [-5.86161324, 36.05875438], [-5.86061714, 36.06286744], [-5.86052705, 36.0634779], [-5.86048137, 36.06402649], [-5.86023195, 36.06781754], [-5.85986998, 36.07187714], [-5.85957625, 36.07582471], [-5.85928214, 36.07981509], [-5.85896504, 36.08385559], [-5.85869413, 36.08784542], [-5.8583312, 36.09067487], [-5.85812819, 36.09291472], [-5.85781106, 36.09620495], [-5.85763042, 36.09732452], [-5.85733611, 36.09841524], [-5.857041, 36.09936405], [-5.8567254, 36.10024576], [-5.8564522, 36.10089439], [-5.856022, 36.10166392], [-5.85568307, 36.10227582], [-5.85536545, 36.10278582], [-5.85468645, 36.10374378], [-5.85402937, 36.10455477], [-5.85353117, 36.1051727], [-5.85289744, 36.10581415], [-5.85239914, 36.10631493], [-5.85190136, 36.10682471], [-5.8511314, 36.10761583], [-5.85002855, 36.10877537], [-5.84045742, 36.11143478], [-5.83811432, 36.11437558], [-5.8371129, 36.11691146], [-5.83686589, 36.12016835], [-5.83697753, 36.12326894], [-5.83678381, 36.12588105]]]}, "geometry_name": "the_geom", "properties": {"id": null, "name": "Gasoducto Magreb", "status": "Active", "medium": null, "operator": null, "size_in": null, "length_m": 15467.1747771, "year": null, "from_loc": null, "to_loc": null, "country_co": "ES", "country": "Spain", "notes": null}}], "totalFeatures": 18, "numberMatched": 18, "numberReturned": 18, "timeStamp": "2026-09-02T16:29:43.004Z", "crs": {"type": "name", "properties": {"name": "urn:ogc:def:crs:EPSG::4326"}}}