{"type": "FeatureCollection", "features": [{"type": "Feature", "id": "platforms.1", "geometry": {"type": "Point", "coordinates": [28.19325, 43.04461]}, "geometry_name": "the_geom", "properties": {"country": "Bulgaria", "platformid": "BG01", "current_status": "Operational", "name": "GAS PLATFORM", "category": null, "function": null, "operator": null, "location_blocks": null, "primary_production": "Natural Gas", "weight_sub": null, "weight_top": null, "production_start": null, "valid_from": null, "valid_to": null, "water_depth": 0.0, "coast_dist": 22812.95396, "remarks": null}}, {"type": "Feature", "id": "platforms.2", "geometry": {"type": "Point", "coordinates": [13.57340278, 44.276325]}, "geometry_name": "the_geom", "properties": {"country": "Croatia", "platformid": null, "current_status": "Operational", "name": "IKA JZ (PU 93)", "category": "Fixed steel", "function": "Subsea", "operator": "INAgip", "location_blocks": "SJEVERNI JADRAN", "primary_production": "Natural Gas", "weight_sub": null, "weight_top": null, "production_start": null, "valid_from": "20140101", "valid_to": null, "water_depth": 64, "coast_dist": 59104.2828344, "remarks": "3-legged"}}, {"type": "Feature", "id": "platforms.3", "geometry": {"type": "Point", "coordinates": [14.00578611, 44.07175278]}, "geometry_name": "the_geom", "properties": {"country": "Croatia", "platformid": null, "current_status": "Operational", "name": "MARICA (ZD 11)", "category": "Fixed steel", "function": "Subsea", "operator": "INAgip", "location_blocks": "MARICA", "primary_production": "Natural Gas", "weight_sub": null, "weight_top": null, "production_start": null, "valid_from": "20040101", "valid_to": null, "water_depth": 68.5, "coast_dist": 52992.6503436, "remarks": "4-legged"}}, {"type": "Feature", "id": "platforms.4", "geometry": {"type": "Point", "coordinates": [13.37502778, 44.36348889]}, "geometry_name": "the_geom", "properties": {"country": "Croatia", "platformid": null, "current_status": "Operational", "name": "ANNAMARIA A", "category": "Fixed steel", "function": "Subsea", "operator": "INAgip", "location_blocks": "SJEVERNI JADRAN", "primary_production": "Natural Gas", "weight_sub": null, "weight_top": null, "production_start": null, "valid_from": "20090101", "valid_to": null, "water_depth": 57.3, "coast_dist": 59939.0660288, "remarks": "4-legged"}}, {"type": "Feature", "id": "platforms.1220", "geometry": {"type": "Point", "coordinates": [-2.689831, 43.503339]}, "geometry_name": "the_geom", "properties": {"country": "Spain", "platformid": "ES5", "current_status": "Operational", "name": "Gaviota", "category": "Fixed steel", "function": "Above water production", "operator": "Repsol Inv, (RIPSA)", "location_blocks": "Gulf of Biscay", "primary_production": "Natural Gas", "weight_sub": 10500, "weight_top": 3000, "production_start": null, "valid_from": "19860101", "valid_to": null, "water_depth": 98, "coast_dist": 7217.08647718, "remarks": "C,E, GAVIOTA Platform - Underground gas storage"}}, {"type": "Feature", "id": "platforms.1224", "geometry": {"type": "Point", "coordinates": [31.86353, 45.34492]}, "geometry_name": "the_geom", "properties": {"country": "Ukraine", "platformid": "UA03", "current_status": "Operational", "name": "ARHANGELSKAYA-7", "category": null, "function": null, "operator": null, "location_blocks": null, "primary_production": null, "weight_sub": null, "weight_top": null, "production_start": null, "valid_from": null, "valid_to": null, "water_depth": 0.0, "coast_dist": 48563.304198, "remarks": null}}, {"type": "Feature", "id": "platforms.209", "geometry": {"type": "Point", "coordinates": [13.821989, 36.916622]}, "geometry_name": "the_geom", "properties": {"country": "Italy", "platformid": "315", "current_status": "Operational", "name": "ARGO 1", "category": "Subsea steel", "function": "Subsea", "operator": "ENI", "location_blocks": "G.C  1.AG", "primary_production": "Natural Gas", "weight_sub": null, "weight_top": null, "production_start": null, "valid_from": "20060101", "valid_to": null, "water_depth": 560, "coast_dist": 21098.1368712, "remarks": "Subsea wellhead"}}, {"type": "Feature", "id": "platforms.5", "geometry": {"type": "Point", "coordinates": [13.187175, 44.61565556]}, "geometry_name": "the_geom", "properties": {"country": "Croatia", "platformid": null, "current_status": "Operational", "name": "IVANA C (PU 23)", "category": "Fixed steel", "function": "Subsea", "operator": "INAgip", "location_blocks": "SJEVERNI JADRAN", "primary_production": "Natural Gas", "weight_sub": null, "weight_top": null, "production_start": null, "valid_from": "20060101", "valid_to": null, "water_depth": 39.8, "coast_dist": 53446.1127144, "remarks": "1-legged"}}, {"type": "Feature", "id": "platforms.6", "geometry": {"type": "Point", "coordinates": [13.24627222, 44.74550556]}, "geometry_name": "the_geom", "properties": {"country": "Croatia", "platformid": null, "current_status": "Operational", "name": "IVANA E (PU 13)", "category": "Fixed steel", "function": "Subsea", "operator": "INAgip", "location_blocks": "SJEVERNI JADRAN", "primary_production": "Natural Gas", "weight_sub": null, "weight_top": null, "production_start": null, "valid_from": "20000101", "valid_to": null, "water_depth": 41, "coast_dist": 41628.5037651, "remarks": "3-legged"}}, {"type": "Feature", "id": "platforms.7", "geometry": {"type": "Point", "coordinates": [13.29444445, 44.74539722]}, "geometry_name": "the_geom", "properties": {"country": "Croatia", "platformid": null, "current_status": "Operational", "name": "IVANA K (PU 17)", "category": "Fixed steel", "function": "Subsea", "operator": "INAgip", "location_blocks": "SJEVERNI JADRAN", "primary_production": "Natural Gas", "weight_sub": null, "weight_top": null, "production_start": null, "valid_from": "20060101", "valid_to": null, "water_depth": 42.3, "coast_dist": 38275.1149809, "remarks": "4-legged"}}, {"type": "Feature", "id": "platforms.8", "geometry": {"type": "Point", "coordinates": [13.15203983, 44.95931937]}, "geometry_name": "the_geom", "properties": {"country": "Croatia", "platformid": null, "current_status": "Operational", "name": "IZABELA JUG", "category": "Fixed steel", "function": "Subsea", "operator": "ED-INA", "location_blocks": "IZABELA", "primary_production": "Natural Gas", "weight_sub": null, "weight_top": null, "production_start": null, "valid_from": "20140101", "valid_to": null, "water_depth": 37, "coast_dist": 37552.6725277, "remarks": "4-legged"}}, {"type": "Feature", "id": "platforms.9", "geometry": {"type": "Point", "coordinates": [13.12957961, 44.98003215]}, "geometry_name": "the_geom", "properties": {"country": "Croatia", "platformid": null, "current_status": "Operational", "name": "IZABELA SJ", "category": "Fixed steel", "function": "Subsea", "operator": "ED-INA", "location_blocks": "IZABELA", "primary_production": "Natural Gas", "weight_sub": null, "weight_top": null, "production_start": null, "valid_from": "20140101", "valid_to": null, "water_depth": 37, "coast_dist": 38782.0217207, "remarks": "1-legged"}}, {"type": "Feature", "id": "platforms.10", "geometry": {"type": "Point", "coordinates": [13.44461945, 44.49388056]}, "geometry_name": "the_geom", "properties": {"country": "Croatia", "platformid": null, "current_status": "Operational", "name": "IDA A (PU 20)", "category": "Fixed steel", "function": "Subsea", "operator": "INAgip", "location_blocks": "SJEVERNI JADRAN", "primary_production": "Natural Gas", "weight_sub": null, "weight_top": null, "production_start": null, "valid_from": "20060101", "valid_to": null, "water_depth": 46.8, "coast_dist": 45927.0175737, "remarks": "1-legged"}}, {"type": "Feature", "id": "platforms.11", "geometry": {"type": "Point", "coordinates": [13.50423056, 44.461075]}, "geometry_name": "the_geom", "properties": {"country": "Croatia", "platformid": null, "current_status": "Operational", "name": "IDA C (PU 18)", "category": "Fixed steel", "function": "Subsea", "operator": "INAgip", "location_blocks": "SJEVERNI JADRAN", "primary_production": "Natural Gas", "weight_sub": null, "weight_top": null, "production_start": null, "valid_from": "20060101", "valid_to": null, "water_depth": 51.8, "coast_dist": 44993.5962633, "remarks": "1-legged"}}, {"type": "Feature", "id": "platforms.12", "geometry": {"type": "Point", "coordinates": [13.293925, 44.74485]}, "geometry_name": "the_geom", "properties": {"country": "Croatia", "platformid": null, "current_status": "Operational", "name": "IVANA A (PU 6)", "category": "Fixed steel", "function": "Subsea", "operator": "INAgip", "location_blocks": "SJEVERNI JADRAN", "primary_production": "Natural Gas", "weight_sub": null, "weight_top": null, "production_start": null, "valid_from": "19990101", "valid_to": null, "water_depth": 42.3, "coast_dist": 38340.9207235, "remarks": "4-legged"}}, {"type": "Feature", "id": "platforms.13", "geometry": {"type": "Point", "coordinates": [13.31327778, 44.68708611]}, "geometry_name": "the_geom", "properties": {"country": "Croatia", "platformid": null, "current_status": "Operational", "name": "VESNA (PU 47)", "category": "Fixed steel", "function": "Subsea", "operator": "INAgip", "location_blocks": "SJEVERNI JADRAN", "primary_production": "Natural Gas", "weight_sub": null, "weight_top": null, "production_start": null, "valid_from": "20090101", "valid_to": null, "water_depth": 44.3, "coast_dist": 40678.5413884, "remarks": "1-legged"}}, {"type": "Feature", "id": "platforms.14", "geometry": {"type": "Point", "coordinates": [13.48044167, 44.44665833]}, "geometry_name": "the_geom", "properties": {"country": "Croatia", "platformid": null, "current_status": "Operational", "name": "IDA B (PU 19)", "category": "Fixed steel", "function": "Subsea", "operator": "INAgip", "location_blocks": "SJEVERNI JADRAN", "primary_production": "Natural Gas", "weight_sub": null, "weight_top": null, "production_start": null, "valid_from": "20060101", "valid_to": null, "water_depth": 53.3, "coast_dist": 47455.8696305, "remarks": "1-legged"}}, {"type": "Feature", "id": "platforms.1219", "geometry": {"type": "Point", "coordinates": [-7.186992, 36.989647]}, "geometry_name": "the_geom", "properties": {"country": "Spain", "platformid": "ES3", "current_status": "Operational", "name": "Poseidon Norte", "category": "Subsea steel", "function": "Subsea", "operator": "Repsol Inv, (RIPSA)", "location_blocks": "Gulf of Cadiz", "primary_production": "Natural Gas", "weight_sub": 40, "weight_top": null, "production_start": null, "valid_from": "19960101", "valid_to": null, "water_depth": 75, "coast_dist": 23963.0046227, "remarks": "C,E, Poseidon Norte"}}, {"type": "Feature", "id": "platforms.1221", "geometry": {"type": "Point", "coordinates": [-2.871039, 43.565783]}, "geometry_name": "the_geom", "properties": {"country": "Spain", "platformid": "ES1", "current_status": "Closed down", "name": "Albatros", "category": "Subsea steel", "function": "Subsea", "operator": "Repsol Inv, (RIPSA) 77,95%, Murphy Spain Oil Company 17,55 %,", "location_blocks": "Gulf of Biscay", "primary_production": "Natural Gas", "weight_sub": 30, "weight_top": null, "production_start": null, "valid_from": "19950101", "valid_to": null, "water_depth": 151, "coast_dist": 14422.5743728, "remarks": "C,E, Albatros - Operated from Gaviota - SHUT IN"}}, {"type": "Feature", "id": "platforms.1222", "geometry": {"type": "Point", "coordinates": [-2.683333, 43.508333]}, "geometry_name": "the_geom", "properties": {"country": "Spain", "platformid": "ES2", "current_status": "Operational", "name": "Gaviota", "category": "Subsea steel", "function": "Subsea", "operator": "Repsol Inv, (RIPSA) 82%, Murphy Spain Oil Company 18 %", "location_blocks": "Gulf of Biscay", "primary_production": "Natural Gas", "weight_sub": 60, "weight_top": null, "production_start": null, "valid_from": "19830101", "valid_to": null, "water_depth": 98, "coast_dist": 7980.90709171, "remarks": "C,E, Gaviota- Operated from Gaviota - Wells (Gaviota I and Gaviota II) partially converted to Underground gas storage"}}, {"type": "Feature", "id": "platforms.1223", "geometry": {"type": "Point", "coordinates": [-7.088888, 36.851944]}, "geometry_name": "the_geom", "properties": {"country": "Spain", "platformid": "ES4", "current_status": "Closed down", "name": "Poseidon Sur", "category": "Subsea steel", "function": "Subsea", "operator": "Repsol Inv, (RIPSA)", "location_blocks": "Gulf of Cadiz", "primary_production": "Natural Gas", "weight_sub": 40, "weight_top": null, "production_start": null, "valid_from": "19970101", "valid_to": null, "water_depth": 130, "coast_dist": 37003.7572461, "remarks": "C,E, Poseidon Sur, SHUT IN,"}}, {"type": "Feature", "id": "platforms.15", "geometry": {"type": "Point", "coordinates": [13.38024167, 44.52753333]}, "geometry_name": "the_geom", "properties": {"country": "Croatia", "platformid": null, "current_status": "Operational", "name": "IRINA (PU 46)", "category": "Fixed steel", "function": "Subsea", "operator": "INAgip", "location_blocks": "SJEVERNI JADRAN", "primary_production": "Natural Gas", "weight_sub": null, "weight_top": null, "production_start": null, "valid_from": "20090101", "valid_to": null, "water_depth": 46.2, "coast_dist": 47861.2224929, "remarks": "1-legged"}}, {"type": "Feature", "id": "platforms.16", "geometry": {"type": "Point", "coordinates": [14.10408333, 43.98929167]}, "geometry_name": "the_geom", "properties": {"country": "Croatia", "platformid": null, "current_status": "Operational", "name": "KATARINA (ZD 13)", "category": "Fixed steel", "function": "Subsea", "operator": "INAgip", "location_blocks": "MARICA", "primary_production": "Natural Gas", "weight_sub": null, "weight_top": null, "production_start": null, "valid_from": "20060101", "valid_to": null, "water_depth": 70, "coast_dist": 54627.1106049, "remarks": "4-legged"}}, {"type": "Feature", "id": "platforms.17", "geometry": {"type": "Point", "coordinates": [13.49159167, 44.36367222]}, "geometry_name": "the_geom", "properties": {"country": "Croatia", "platformid": null, "current_status": "Operational", "name": "IKA A (PU 22)", "category": "Fixed steel", "function": "Subsea", "operator": "INAgip", "location_blocks": "SJEVERNI JADRAN", "primary_production": "Natural Gas", "weight_sub": null, "weight_top": null, "production_start": null, "valid_from": "20060101", "valid_to": null, "water_depth": 59.5, "coast_dist": 54023.4977022, "remarks": "4-legged"}}, {"type": "Feature", "id": "platforms.18", "geometry": {"type": "Point", "coordinates": [13.43840556, 44.40486111]}, "geometry_name": "the_geom", "properties": {"country": "Croatia", "platformid": null, "current_status": "Operational", "name": "IKA B (PU 21)", "category": "Fixed steel", "function": "Subsea", "operator": "INAgip", "location_blocks": "SJEVERNI JADRAN", "primary_production": "Natural Gas", "weight_sub": null, "weight_top": null, "production_start": null, "valid_from": "20060101", "valid_to": null, "water_depth": 55.6, "coast_dist": 53137.6622816, "remarks": "1-legged"}}, {"type": "Feature", "id": "platforms.19", "geometry": {"type": "Point", "coordinates": [13.21458056, 44.68755278]}, "geometry_name": "the_geom", "properties": {"country": "Croatia", "platformid": null, "current_status": "Operational", "name": "IVANA B (PU 11)", "category": "Fixed steel", "function": "Subsea", "operator": "INAgip", "location_blocks": "SJEVERNI JADRAN", "primary_production": "Natural Gas", "weight_sub": null, "weight_top": null, "production_start": null, "valid_from": "20010101", "valid_to": null, "water_depth": 41.6, "coast_dist": 47016.268644, "remarks": "3-legged"}}, {"type": "Feature", "id": "platforms.20", "geometry": {"type": "Point", "coordinates": [13.26932778, 44.68255]}, "geometry_name": "the_geom", "properties": {"country": "Croatia", "platformid": null, "current_status": "Operational", "name": "ANA (PU 44)", "category": "Fixed steel", "function": "Subsea", "operator": "INAgip", "location_blocks": "SJEVERNI JADRAN", "primary_production": "Natural Gas", "weight_sub": null, "weight_top": null, "production_start": null, "valid_from": "20080101", "valid_to": null, "water_depth": 43.6, "coast_dist": 43751.5471909, "remarks": "1-legged"}}, {"type": "Feature", "id": "platforms.98", "geometry": {"type": "Point", "coordinates": [14.335723, 43.599803]}, "geometry_name": "the_geom", "properties": {"country": "Italy", "platformid": "310", "current_status": "Operational", "name": "BONACCIA NW", "category": "Fixed steel", "function": "Production platform", "operator": "ENI", "location_blocks": "B.C 17.TO", "primary_production": "Natural Gas", "weight_sub": null, "weight_top": null, "production_start": null, "valid_from": "20150101", "valid_to": null, "water_depth": 87, "coast_dist": 57187.2927804, "remarks": "4-legged steel jacket - Connected to platform BONACCIA"}}, {"type": "Feature", "id": "platforms.99", "geometry": {"type": "Point", "coordinates": [17.181692, 39.114236]}, "geometry_name": "the_geom", "properties": {"country": "Italy", "platformid": "243", "current_status": "Operational", "name": "LUNA A", "category": "Fixed steel", "function": "Production platform", "operator": "ENI", "location_blocks": "D.C  1.AG", "primary_production": "Natural Gas", "weight_sub": null, "weight_top": null, "production_start": null, "valid_from": "19760101", "valid_to": null, "water_depth": 70, "coast_dist": 5012.29897268, "remarks": "8-legged steel jacket - Connected to CROTONE gas gathering and treatment centre - It also connects platforms HERA LACINIA BEAF, HERA LACINIA 14, LUNA B and subsea wellheads LUNA 27, LUNA 40 SAF to CROTONE centre"}}, {"type": "Feature", "id": "platforms.100", "geometry": {"type": "Point", "coordinates": [13.781345, 44.077277]}, "geometry_name": "the_geom", "properties": {"country": "Italy", "platformid": "197", "current_status": "Operational", "name": "BARBARA T", "category": "Fixed steel", "function": "Other", "operator": "ENI", "location_blocks": "A.C  7.AS", "primary_production": "Natural Gas", "weight_sub": null, "weight_top": null, "production_start": null, "valid_from": "19850101", "valid_to": null, "water_depth": 70, "coast_dist": 54306.8178146, "remarks": "4-legged steel jacket - Compression platform - It's a single structure with platforms BARBARA C and BARBARA T2 - Connected to FALCONARA gas gathering and treatment centre - It also connects platforms BARBARA T2-A-B-C-D-E-F-G-H-NW, CALIPIPSO, CALPURNIA, C"}}, {"type": "Feature", "id": "platforms.101", "geometry": {"type": "Point", "coordinates": [14.071618, 43.779617]}, "geometry_name": "the_geom", "properties": {"country": "Italy", "platformid": "211", "current_status": "Operational", "name": "CLARA EST", "category": "Fixed steel", "function": "Production platform", "operator": "ENI", "location_blocks": "B.C 13.AS", "primary_production": "Natural Gas", "weight_sub": null, "weight_top": null, "production_start": null, "valid_from": "20000101", "valid_to": null, "water_depth": 77, "coast_dist": 44073.4120896, "remarks": "4-legged steel jacket - Connected to platform CALPURNIA"}}, {"type": "Feature", "id": "platforms.102", "geometry": {"type": "Point", "coordinates": [12.560244, 44.391353]}, "geometry_name": "the_geom", "properties": {"country": "Italy", "platformid": "253", "current_status": "Operational", "name": "PORTO CORSINI M E C", "category": "Fixed steel", "function": "Production platform", "operator": "ENI", "location_blocks": "PORTO CORSINI MARE", "primary_production": "Natural Gas", "weight_sub": null, "weight_top": null, "production_start": null, "valid_from": "19870101", "valid_to": null, "water_depth": 24, "coast_dist": 18974.8420418, "remarks": "8-legged steel jacket - Connected to platform PORTO CORSINI 80 - It also connects platforms PORTO CORSINI M S 1 e PORTO CORSINI M S 2 to PORTO CORSINI 80"}}, {"type": "Feature", "id": "platforms.103", "geometry": {"type": "Point", "coordinates": [12.453201, 44.480258]}, "geometry_name": "the_geom", "properties": {"country": "Italy", "platformid": "185", "current_status": "Operational", "name": "ARMIDA A", "category": "Fixed steel", "function": "Production platform", "operator": "ENI", "location_blocks": "A.C 29.EA", "primary_production": "Natural Gas", "weight_sub": null, "weight_top": null, "production_start": null, "valid_from": "19850101", "valid_to": null, "water_depth": 18, "coast_dist": 13071.2293027, "remarks": "6-legged steel jacket - Connected to RAVENNA MARE gas gathering and treatment centre - IT also connects platforms ARMIDA1 and DIANA to RAVENNA MARE centre"}}, {"type": "Feature", "id": "platforms.104", "geometry": {"type": "Point", "coordinates": [14.172827, 42.576845]}, "geometry_name": "the_geom", "properties": {"country": "Italy", "platformid": "226", "current_status": "Operational", "name": "FRATELLO EST 2", "category": "Fixed steel", "function": "Production platform", "operator": "ENI", "location_blocks": "B.C  5.AS", "primary_production": "Natural Gas", "weight_sub": null, "weight_top": null, "production_start": null, "valid_from": "19800101", "valid_to": null, "water_depth": 17, "coast_dist": 5053.04502906, "remarks": "Single pile platform - Connected to platform FRATELLO CLUSTER - It also connects platform SIMONETTA 1 to FRATELLO CLUSTER"}}, {"type": "Feature", "id": "platforms.105", "geometry": {"type": "Point", "coordinates": [14.168514, 42.610534]}, "geometry_name": "the_geom", "properties": {"country": "Italy", "platformid": "225", "current_status": "Operational", "name": "FRATELLO CLUSTER", "category": "Fixed steel", "function": "Production platform", "operator": "ENI", "location_blocks": "B.C  5.AS", "primary_production": "Natural Gas", "weight_sub": null, "weight_top": null, "production_start": null, "valid_from": "19790101", "valid_to": null, "water_depth": 19, "coast_dist": 6924.48511511, "remarks": "Cluster - Connected to PINETO gas gathering and treatment centre - It also connects platforms VIVIANA 1, FRATELLO NORD, FRATELLO EST 2, SIMONETTA 1 to PINETO centre"}}, {"type": "Feature", "id": "platforms.106", "geometry": {"type": "Point", "coordinates": [14.00114, 43.041377]}, "geometry_name": "the_geom", "properties": {"country": "Italy", "platformid": "224", "current_status": "Operational", "name": "FABRIZIA 1", "category": "Fixed steel", "function": "Production platform", "operator": "ENI", "location_blocks": "B.C 21.AG", "primary_production": "Natural Gas", "weight_sub": null, "weight_top": null, "production_start": null, "valid_from": "19980101", "valid_to": null, "water_depth": 22, "coast_dist": 11537.1173402, "remarks": "Single pile platform - Connected to GROTTAMMARE gas gathering and treatment centre"}}, {"type": "Feature", "id": "platforms.107", "geometry": {"type": "Point", "coordinates": [12.83420273, 44.10283039]}, "geometry_name": "the_geom", "properties": {"country": "Italy", "platformid": "262", "current_status": "Closed down", "name": "REGINA 1", "category": "Fixed steel", "function": "Production platform", "operator": "ENI", "location_blocks": "A.C 17.AG", "primary_production": "Natural Gas", "weight_sub": null, "weight_top": null, "production_start": null, "valid_from": "19970101", "valid_to": null, "water_depth": 21, "coast_dist": 15563.9725355, "remarks": "Single pile platform - Connected to platform REGINA - Abandoned well"}}, {"type": "Feature", "id": "platforms.108", "geometry": {"type": "Point", "coordinates": [13.623818, 37.00661]}, "geometry_name": "the_geom", "properties": {"country": "Italy", "platformid": "295", "current_status": "Closed down", "name": "PANDA 1", "category": "Subsea steel", "function": "Subsea", "operator": "ENI", "location_blocks": "G.R 14.AG", "primary_production": "Natural Gas", "weight_sub": null, "weight_top": null, "production_start": null, "valid_from": "20020101", "valid_to": null, "water_depth": 461, "coast_dist": 19462.1376725, "remarks": "Subsea wellhead not operating - Potentially productive well that is awaiting the release of an exploitation licence"}}, {"type": "Feature", "id": "platforms.109", "geometry": {"type": "Point", "coordinates": [14.155051, 42.656403]}, "geometry_name": "the_geom", "properties": {"country": "Italy", "platformid": "281", "current_status": "Operational", "name": "VIVIANA 1", "category": "Fixed steel", "function": "Production platform", "operator": "ENI", "location_blocks": "B.C  5.AS", "primary_production": "Natural Gas", "weight_sub": null, "weight_top": null, "production_start": null, "valid_from": "19980101", "valid_to": null, "water_depth": 20, "coast_dist": 8720.30165156, "remarks": "Single pile platform - Connected to platform FRATELLO NORD"}}, {"type": "Feature", "id": "platforms.110", "geometry": {"type": "Point", "coordinates": [14.269454, 37.032449]}, "geometry_name": "the_geom", "properties": {"country": "Italy", "platformid": "298", "current_status": "Operational", "name": "GELA CLUSTER", "category": "Fixed steel", "function": "Production platform", "operator": "ENI MEDITERRANEA IDROCARBURI", "location_blocks": "C.C  1.AG", "primary_production": "Crude Oil", "weight_sub": null, "weight_top": null, "production_start": null, "valid_from": "19860101", "valid_to": null, "water_depth": 10, "coast_dist": 1742.24841278, "remarks": "Bridge - Connected in a single structure to platform GELA 1"}}, {"type": "Feature", "id": "platforms.111", "geometry": {"type": "Point", "coordinates": [12.515812, 44.532163]}, "geometry_name": "the_geom", "properties": {"country": "Italy", "platformid": "233", "current_status": "Operational", "name": "GARIBALDI K", "category": "Fixed steel", "function": "Other", "operator": "ENI", "location_blocks": "A.C  1.AG", "primary_production": "Natural Gas", "weight_sub": null, "weight_top": null, "production_start": null, "valid_from": "19980101", "valid_to": null, "water_depth": 25, "coast_dist": 18553.082284, "remarks": "4-legged steel jacket - Platform connected in a single structure to GARIBALDI T - It also connects platforms GARIBALDI C and IVANA (located on Croatia's continental shelf) to GARIBALDI T"}}, {"type": "Feature", "id": "platforms.112", "geometry": {"type": "Point", "coordinates": [14.931856, 42.235657]}, "geometry_name": "the_geom", "properties": {"country": "Italy", "platformid": "265", "current_status": "Operational", "name": "ROSPO MARE C", "category": "Fixed steel", "function": "Production platform", "operator": "EDISON", "location_blocks": "B.C  8.LF", "primary_production": "Crude Oil", "weight_sub": null, "weight_top": null, "production_start": null, "valid_from": "19910101", "valid_to": null, "water_depth": 80, "coast_dist": 19138.4245173, "remarks": "4-legged steel jacket - Connected to platform ROSPO MARE B"}}, {"type": "Feature", "id": "platforms.113", "geometry": {"type": "Point", "coordinates": [12.59091, 45.183561]}, "geometry_name": "the_geom", "properties": {"country": "Italy", "platformid": "300", "current_status": "Closed down", "name": "ADA 4", "category": "Fixed steel", "function": "Production platform", "operator": "ENI", "location_blocks": "A.C  9.AG", "primary_production": "Natural Gas", "weight_sub": null, "weight_top": null, "production_start": null, "valid_from": "19820101", "valid_to": null, "water_depth": 25, "coast_dist": 20422.2289831, "remarks": "Single pile platform. Currently not operating, since it's located in area where it is necessary to ensure the absence of risks coastal subsidence (art. 8 paragraph 1 Law 6 August 2008, no. 133)"}}, {"type": "Feature", "id": "platforms.114", "geometry": {"type": "Point", "coordinates": [12.344866, 44.392963]}, "geometry_name": "the_geom", "properties": {"country": "Italy", "platformid": "176", "current_status": "Operational", "name": "ANGELA CLUSTER", "category": "Fixed steel", "function": "Production platform", "operator": "ENI", "location_blocks": "A.C 27.EA", "primary_production": "Natural Gas", "weight_sub": null, "weight_top": null, "production_start": null, "valid_from": "19750101", "valid_to": null, "water_depth": 9, "coast_dist": 2062.26764677, "remarks": "Cluster - Connected to RAVENNA MARE gas gathering and treatment centre - It also connect platform ANGELA ANGELINA to RAVENNA MARE centre"}}, {"type": "Feature", "id": "platforms.115", "geometry": {"type": "Point", "coordinates": [14.675454, 42.207323]}, "geometry_name": "the_geom", "properties": {"country": "Italy", "platformid": "272", "current_status": "Operational", "name": "SANTO STEFANO MARE 4", "category": "Fixed steel", "function": "Production platform", "operator": "EDISON", "location_blocks": "B.C  1.LF", "primary_production": "Natural Gas", "weight_sub": null, "weight_top": null, "production_start": null, "valid_from": "19760101", "valid_to": null, "water_depth": 17, "coast_dist": 2579.53168479, "remarks": "4-legged steel jacket - Connected to SANTO STEFANO MARE gas gathering and treatment centre"}}, {"type": "Feature", "id": "platforms.116", "geometry": {"type": "Point", "coordinates": [12.495601, 44.540237]}, "geometry_name": "the_geom", "properties": {"country": "Italy", "platformid": "164", "current_status": "Operational", "name": "AGOSTINO A", "category": "Fixed steel", "function": "Production platform", "operator": "ENI", "location_blocks": "A.C  3.AS", "primary_production": "Natural Gas", "weight_sub": null, "weight_top": null, "production_start": null, "valid_from": "19700101", "valid_to": null, "water_depth": 23, "coast_dist": 16864.9494909, "remarks": "8-legged steel jacket - Connected to platform GARIBALDI T- It also connects platforms AGOSTINO A CLUSTER and AGOSTINO B to GARIBALDI T"}}, {"type": "Feature", "id": "platforms.117", "geometry": {"type": "Point", "coordinates": [12.64025547, 44.30180799]}, "geometry_name": "the_geom", "properties": {"country": "Italy", "platformid": "208", "current_status": "Operational", "name": "CERVIA C", "category": "Fixed steel", "function": "Production platform", "operator": "ENI", "location_blocks": "CERVIA MARE", "primary_production": "Natural Gas", "weight_sub": null, "weight_top": null, "production_start": null, "valid_from": "19920101", "valid_to": null, "water_depth": 23, "coast_dist": 21528.6557059, "remarks": "8-legged steel jacket - Connected to platform CERVIA K - It also connects platform NAIDE to CERVIA K"}}, {"type": "Feature", "id": "platforms.118", "geometry": {"type": "Point", "coordinates": [12.62814546, 44.30626434]}, "geometry_name": "the_geom", "properties": {"country": "Italy", "platformid": "182", "current_status": "Operational", "name": "ARIANNA A", "category": "Fixed steel", "function": "Production platform", "operator": "ENI", "location_blocks": "CERVIA MARE", "primary_production": "Natural Gas", "weight_sub": null, "weight_top": null, "production_start": null, "valid_from": "19840101", "valid_to": null, "water_depth": 24, "coast_dist": 20982.4559233, "remarks": "6-legged steel jacket - Connected to platform CERVIA A - It also connects platform ARIANNA A CLUSTER to CERVIA A"}}, {"type": "Feature", "id": "platforms.119", "geometry": {"type": "Point", "coordinates": [12.515087, 44.531584]}, "geometry_name": "the_geom", "properties": {"country": "Italy", "platformid": "230", "current_status": "Operational", "name": "GARIBALDI C", "category": "Fixed steel", "function": "Production platform", "operator": "ENI", "location_blocks": "A.C  1.AG", "primary_production": "Natural Gas", "weight_sub": null, "weight_top": null, "production_start": null, "valid_from": "19920101", "valid_to": null, "water_depth": 25, "coast_dist": 18503.7254371, "remarks": "8-legged steel jacket - Connected to platform GARIBALDI K - It also connects platform AGOSTINO C to GARIBALDI K"}}, {"type": "Feature", "id": "platforms.120", "geometry": {"type": "Point", "coordinates": [12.63900556, 44.29554353]}, "geometry_name": "the_geom", "properties": {"country": "Italy", "platformid": "210", "current_status": "Operational", "name": "CERVIA K", "category": "Fixed steel", "function": "Other", "operator": "ENI", "location_blocks": "CERVIA MARE", "primary_production": "Natural Gas", "weight_sub": null, "weight_top": null, "production_start": null, "valid_from": "20000101", "valid_to": null, "water_depth": 24, "coast_dist": 20993.5733881, "remarks": "4-legged steel jacket - Compression platform - It's a single structure with platforms CERVIA A and CERVIA CLUSTER - Connected to RUBICONE gas gathering and treatment centre"}}, {"type": "Feature", "id": "platforms.121", "geometry": {"type": "Point", "coordinates": [13.018806, 44.501565]}, "geometry_name": "the_geom", "properties": {"country": "Italy", "platformid": "278", "current_status": "Operational", "name": "TEA", "category": "Fixed steel", "function": "Production platform", "operator": "ENI", "location_blocks": "A.C 34.AG", "primary_production": "Natural Gas", "weight_sub": null, "weight_top": null, "production_start": null, "valid_from": "20070101", "valid_to": null, "water_depth": 41, "coast_dist": 56991.0042932, "remarks": "4-legged steel jacket - Connected to platform AMELIA B - It also connects platform GUENDALINA to AMELIA B"}}, {"type": "Feature", "id": "platforms.122", "geometry": {"type": "Point", "coordinates": [12.453423, 44.389972]}, "geometry_name": "the_geom", "properties": {"country": "Italy", "platformid": "180", "current_status": "Operational", "name": "ANTARES A", "category": "Fixed steel", "function": "Production platform", "operator": "ENI", "location_blocks": "A.C 30.EA", "primary_production": "Natural Gas", "weight_sub": null, "weight_top": null, "production_start": null, "valid_from": "19850101", "valid_to": null, "water_depth": 15, "coast_dist": 10620.8773054, "remarks": "6-legged steel jacket - Connected to RAVENNA MARE gas gathering and treatment centre - It also connects platforms ARMIDA, ARMIDA 1, DIANA, ANTARES 1 and PORTO CORSINI 80 to RAVENNA MARE centre"}}, {"type": "Feature", "id": "platforms.123", "geometry": {"type": "Point", "coordinates": [14.045081, 37.009175]}, "geometry_name": "the_geom", "properties": {"country": "Italy", "platformid": "260", "current_status": "Operational", "name": "PREZIOSO", "category": "Fixed steel", "function": "Production platform", "operator": "ENI MEDITERRANEA IDROCARBURI", "location_blocks": "C.C  3.AG", "primary_production": "Crude Oil", "weight_sub": null, "weight_top": null, "production_start": null, "valid_from": "19880101", "valid_to": null, "water_depth": 45, "coast_dist": 10816.4312336, "remarks": "8-legged steel jacket - Connected to platform PERLA"}}, {"type": "Feature", "id": "platforms.124", "geometry": {"type": "Point", "coordinates": [12.576432, 44.368498]}, "geometry_name": "the_geom", "properties": {"country": "Italy", "platformid": "255", "current_status": "Operational", "name": "PORTO CORSINI M S 2", "category": "Fixed steel", "function": "Production platform", "operator": "ENI", "location_blocks": "PORTO CORSINI MARE", "primary_production": "Natural Gas", "weight_sub": null, "weight_top": null, "production_start": null, "valid_from": "20010101", "valid_to": null, "water_depth": 24, "coast_dist": 19414.0060401, "remarks": "Single pile platform - Connected to platform PORTO COSRSINI M E C"}}, {"type": "Feature", "id": "platforms.208", "geometry": {"type": "Point", "coordinates": [12.64566012, 44.28877453]}, "geometry_name": "the_geom", "properties": {"country": "Italy", "platformid": "207", "current_status": "Operational", "name": "CERVIA B", "category": "Fixed steel", "function": "Production platform", "operator": "ENI", "location_blocks": "CERVIA MARE", "primary_production": "Natural Gas", "weight_sub": null, "weight_top": null, "production_start": null, "valid_from": "19840101", "valid_to": null, "water_depth": 24, "coast_dist": 20924.7469965, "remarks": "6-legged steel jacket - Connected to platform CERVIA K"}}, {"type": "Feature", "id": "platforms.125", "geometry": {"type": "Point", "coordinates": [14.359527, 43.592497]}, "geometry_name": "the_geom", "properties": {"country": "Italy", "platformid": "201", "current_status": "Operational", "name": "BONACCIA", "category": "Fixed steel", "function": "Production platform", "operator": "ENI", "location_blocks": "B.C 17.TO", "primary_production": "Natural Gas", "weight_sub": null, "weight_top": null, "production_start": null, "valid_from": "19990101", "valid_to": null, "water_depth": 85, "coast_dist": 58759.1973071, "remarks": "4-legged steel jacket - Connected to BARBARA C - It also connects subsea wellheads BONACCIA EST 2, BONACCIA EST 3 e BONACCIA NW to BARBARA C"}}, {"type": "Feature", "id": "platforms.126", "geometry": {"type": "Point", "coordinates": [12.662225, 44.407508]}, "geometry_name": "the_geom", "properties": {"country": "Italy", "platformid": "170", "current_status": "Operational", "name": "AMELIA B", "category": "Fixed steel", "function": "Production platform", "operator": "ENI", "location_blocks": "A.C  2.AS", "primary_production": "Natural Gas", "weight_sub": null, "weight_top": null, "production_start": null, "valid_from": "19910101", "valid_to": null, "water_depth": 31, "coast_dist": 27230.2992795, "remarks": "8-legged steel jacket - Connected to platform PORTO CORSINI 80 - It also connects platforms AMELIA A, AMELIA D, TEA and GEUNDALINA to PORTO CORSINI 80"}}, {"type": "Feature", "id": "platforms.127", "geometry": {"type": "Point", "coordinates": [13.711516, 43.828681]}, "geometry_name": "the_geom", "properties": {"country": "Italy", "platformid": "213", "current_status": "Operational", "name": "CLARA OVEST", "category": "Fixed steel", "function": "Production platform", "operator": "ENI", "location_blocks": "B.C 14.AS", "primary_production": "Natural Gas", "weight_sub": null, "weight_top": null, "production_start": null, "valid_from": "19870101", "valid_to": null, "water_depth": 71, "coast_dist": 27358.0572316, "remarks": "8-legged steel jacket - Connected to FALCONARA gas gathering and treatment centre"}}, {"type": "Feature", "id": "platforms.128", "geometry": {"type": "Point", "coordinates": [14.23388, 42.938165]}, "geometry_name": "the_geom", "properties": {"country": "Italy", "platformid": "222", "current_status": "Operational", "name": "EMILIO 3", "category": "Subsea steel", "function": "Subsea", "operator": "ENI", "location_blocks": "B.C  3.AS", "primary_production": "Natural Gas", "weight_sub": null, "weight_top": null, "production_start": null, "valid_from": "19800101", "valid_to": null, "water_depth": 85, "coast_dist": 26054.1537212, "remarks": "Subsea wellhead - Connected to GROTTAMMARE gas gathering and treatment centre"}}, {"type": "Feature", "id": "platforms.129", "geometry": {"type": "Point", "coordinates": [14.610729, 42.219268]}, "geometry_name": "the_geom", "properties": {"country": "Italy", "platformid": "271", "current_status": "Operational", "name": "SANTO STEFANO MARE 3-7", "category": "Fixed steel", "function": "Production platform", "operator": "EDISON", "location_blocks": "B.C  1.LF", "primary_production": "Natural Gas", "weight_sub": null, "weight_top": null, "production_start": null, "valid_from": "19680101", "valid_to": null, "water_depth": 11, "coast_dist": 1551.1207591, "remarks": "4-legged steel jacket - Connected to SANTO STEFANO MARE gas gathering and treatment centre - It also connects platforms SANTO STEFANO MARE 8 BIS e SANTO STEFANO MARE 101 to SANTO STEFANO MARE centre"}}, {"type": "Feature", "id": "platforms.130", "geometry": {"type": "Point", "coordinates": [12.881495, 44.56644]}, "geometry_name": "the_geom", "properties": {"country": "Italy", "platformid": "292", "current_status": "Operational", "name": "GUENDALINA", "category": "Fixed steel", "function": "Production platform", "operator": "ENI", "location_blocks": "A.C 35.AG", "primary_production": "Natural Gas", "weight_sub": null, "weight_top": null, "production_start": null, "valid_from": "20110101", "valid_to": null, "water_depth": 42, "coast_dist": 45093.8735491, "remarks": "Single pile platform - Connected to platform TEA"}}, {"type": "Feature", "id": "platforms.131", "geometry": {"type": "Point", "coordinates": [12.74542992, 44.34327434]}, "geometry_name": "the_geom", "properties": {"country": "Italy", "platformid": "246", "current_status": "Operational", "name": "NAIDE", "category": "Fixed steel", "function": "Production platform", "operator": "ENI", "location_blocks": "A.C 21.AG", "primary_production": "Natural Gas", "weight_sub": null, "weight_top": null, "production_start": null, "valid_from": "20050101", "valid_to": null, "water_depth": 36, "coast_dist": 30925.0905457, "remarks": "Double pile platform - Connected to platform CERVIA C"}}, {"type": "Feature", "id": "platforms.132", "geometry": {"type": "Point", "coordinates": [12.425767, 44.4414]}, "geometry_name": "the_geom", "properties": {"country": "Italy", "platformid": "218", "current_status": "Operational", "name": "DIANA", "category": "Fixed steel", "function": "Production platform", "operator": "ENI", "location_blocks": "A.C 29.EA", "primary_production": "Natural Gas", "weight_sub": null, "weight_top": null, "production_start": null, "valid_from": "19710101", "valid_to": null, "water_depth": 15, "coast_dist": 9567.1794459, "remarks": "Cluster - Connected to platform ARMIDA 1"}}, {"type": "Feature", "id": "platforms.133", "geometry": {"type": "Point", "coordinates": [12.58197992, 44.17939861]}, "geometry_name": "the_geom", "properties": {"country": "Italy", "platformid": "200", "current_status": "Closed down", "name": "BENEDETTA 1", "category": "Fixed steel", "function": "Production platform", "operator": "ENI", "location_blocks": "A.R 95.EA", "primary_production": "Natural Gas", "weight_sub": null, "weight_top": null, "production_start": null, "valid_from": "20060101", "valid_to": null, "water_depth": 13, "coast_dist": 9270.30988999, "remarks": "Currently not operating - Potentially productive well that is awaiting the release of an exploitation licence"}}, {"type": "Feature", "id": "platforms.134", "geometry": {"type": "Point", "coordinates": [14.210255, 43.040689]}, "geometry_name": "the_geom", "properties": {"country": "Italy", "platformid": "219", "current_status": "Operational", "name": "ELENA 1", "category": "Subsea steel", "function": "Subsea", "operator": "ENI", "location_blocks": "B.C  3.AS", "primary_production": "Natural Gas", "weight_sub": null, "weight_top": null, "production_start": null, "valid_from": "19890101", "valid_to": null, "water_depth": 75, "coast_dist": 27907.1829143, "remarks": "Subsea wellhead - Connected to platform PENNINA"}}, {"type": "Feature", "id": "platforms.135", "geometry": {"type": "Point", "coordinates": [13.78203, 44.077718]}, "geometry_name": "the_geom", "properties": {"country": "Italy", "platformid": "198", "current_status": "Operational", "name": "BARBARA T2", "category": "Fixed steel", "function": "Other", "operator": "ENI", "location_blocks": "A.C  7.AS", "primary_production": "Natural Gas", "weight_sub": null, "weight_top": null, "production_start": null, "valid_from": "20000101", "valid_to": null, "water_depth": 71, "coast_dist": 54373.9834366, "remarks": "4-legged steel jacket - Compression platform - It's a single structure with platforms BARBARA C and BARBARA T"}}, {"type": "Feature", "id": "platforms.136", "geometry": {"type": "Point", "coordinates": [12.343146, 44.391179]}, "geometry_name": "the_geom", "properties": {"country": "Italy", "platformid": "175", "current_status": "Operational", "name": "ANGELA ANGELINA", "category": "Fixed steel", "function": "Production platform", "operator": "ENI", "location_blocks": "A.C 27.EA", "primary_production": "Natural Gas", "weight_sub": null, "weight_top": null, "production_start": null, "valid_from": "19970101", "valid_to": null, "water_depth": 25, "coast_dist": 1888.83599318, "remarks": "8-legged steel jacket - Connected to platform ANGELA CLUSTER"}}, {"type": "Feature", "id": "platforms.137", "geometry": {"type": "Point", "coordinates": [13.648827, 44.108865]}, "geometry_name": "the_geom", "properties": {"country": "Italy", "platformid": "196", "current_status": "Operational", "name": "BARBARA NW", "category": "Fixed steel", "function": "Production platform", "operator": "ENI", "location_blocks": "A.C  7.AS", "primary_production": "Natural Gas", "weight_sub": null, "weight_top": null, "production_start": null, "valid_from": "19990101", "valid_to": null, "water_depth": 68, "coast_dist": 54300.9245057, "remarks": "4-legged steel jacket - Connected to platform BARBARA B"}}, {"type": "Feature", "id": "platforms.138", "geometry": {"type": "Point", "coordinates": [14.016886, 43.095755]}, "geometry_name": "the_geom", "properties": {"country": "Italy", "platformid": "217", "current_status": "Operational", "name": "DAVIDE 7", "category": "Fixed steel", "function": "Production platform", "operator": "ENI", "location_blocks": "B.C  4.AS", "primary_production": "Natural Gas", "weight_sub": null, "weight_top": null, "production_start": null, "valid_from": "20020101", "valid_to": null, "water_depth": 30, "coast_dist": 13887.8620668, "remarks": "Single pile platform - Platform connected in a single structure to platform DAVIDE"}}, {"type": "Feature", "id": "platforms.139", "geometry": {"type": "Point", "coordinates": [13.817099, 44.050183]}, "geometry_name": "the_geom", "properties": {"country": "Italy", "platformid": "193", "current_status": "Operational", "name": "BARBARA F", "category": "Fixed steel", "function": "Production platform", "operator": "ENI", "location_blocks": "A.C  7.AS", "primary_production": "Natural Gas", "weight_sub": null, "weight_top": null, "production_start": null, "valid_from": "19880101", "valid_to": null, "water_depth": 70, "coast_dist": 52859.6245519, "remarks": "8-legged steel jacket - Connected to platform BARBARA T"}}, {"type": "Feature", "id": "platforms.140", "geometry": {"type": "Point", "coordinates": [13.785407, 43.32096]}, "geometry_name": "the_geom", "properties": {"country": "Italy", "platformid": "274", "current_status": "Operational", "name": "SARAGO MARE 1", "category": "Fixed steel", "function": "Production platform", "operator": "EDISON", "location_blocks": "B.C  7.LF", "primary_production": "Crude Oil", "weight_sub": null, "weight_top": null, "production_start": null, "valid_from": "19790101", "valid_to": null, "water_depth": 12, "coast_dist": 4120.21549166, "remarks": "4-legged steel jacket - Connected to platform SARAGO MARE A"}}, {"type": "Feature", "id": "platforms.141", "geometry": {"type": "Point", "coordinates": [12.62743447, 44.30579114]}, "geometry_name": "the_geom", "properties": {"country": "Italy", "platformid": "183", "current_status": "Operational", "name": "ARIANNA A CLUSTER", "category": "Fixed steel", "function": "Production platform", "operator": "ENI", "location_blocks": "CERVIA MARE", "primary_production": "Natural Gas", "weight_sub": null, "weight_top": null, "production_start": null, "valid_from": "19920101", "valid_to": null, "water_depth": 23, "coast_dist": 20906.6743908, "remarks": "Cluster - Connected to platform ARIANNA A"}}, {"type": "Feature", "id": "platforms.142", "geometry": {"type": "Point", "coordinates": [12.591285, 45.183634]}, "geometry_name": "the_geom", "properties": {"country": "Italy", "platformid": "290", "current_status": "Closed down", "name": "ADA 2", "category": "Fixed steel", "function": "Production platform", "operator": "ENI", "location_blocks": "A.C  9.AG", "primary_production": "Natural Gas", "weight_sub": null, "weight_top": null, "production_start": null, "valid_from": "19820101", "valid_to": null, "water_depth": 25, "coast_dist": 20452.3718257, "remarks": "Single pile platform. Currently not operating, since it's located in area where it is necessary to ensure the absence of risks coastal subsidence (art. 8 paragraph 1 Law 6 August 2008, no. 133)"}}, {"type": "Feature", "id": "platforms.143", "geometry": {"type": "Point", "coordinates": [13.926435, 43.040959]}, "geometry_name": "the_geom", "properties": {"country": "Italy", "platformid": "240", "current_status": "Operational", "name": "JOLE 1", "category": "Fixed steel", "function": "Production platform", "operator": "ENI", "location_blocks": "B.C 21.AG", "primary_production": "Natural Gas", "weight_sub": null, "weight_top": null, "production_start": null, "valid_from": "19990101", "valid_to": null, "water_depth": 17, "coast_dist": 5534.84147249, "remarks": "Single pile platform - Connected to GROTTAMMARE gas gathering and treatment centre"}}, {"type": "Feature", "id": "platforms.144", "geometry": {"type": "Point", "coordinates": [12.520281, 44.423353]}, "geometry_name": "the_geom", "properties": {"country": "Italy", "platformid": "252", "current_status": "Operational", "name": "PORTO CORSINI 80 BIS", "category": "Fixed steel", "function": "Production platform", "operator": "ENI", "location_blocks": "A.C  1.AG", "primary_production": "Natural Gas", "weight_sub": null, "weight_top": null, "production_start": null, "valid_from": "19830101", "valid_to": null, "water_depth": 23, "coast_dist": 16412.132404, "remarks": "8-legged steel jacket - Connected to platform PORTO CORSINI 80"}}, {"type": "Feature", "id": "platforms.145", "geometry": {"type": "Point", "coordinates": [14.636563, 42.21649]}, "geometry_name": "the_geom", "properties": {"country": "Italy", "platformid": "273", "current_status": "Operational", "name": "SANTO STEFANO MARE 8 BIS", "category": "Fixed steel", "function": "Production platform", "operator": "EDISON", "location_blocks": "B.C  1.LF", "primary_production": "Natural Gas", "weight_sub": null, "weight_top": null, "production_start": null, "valid_from": "19910101", "valid_to": null, "water_depth": 15, "coast_dist": 2295.74216591, "remarks": "Single pile platform - Connected to platform SANTO STEFANO MARE 3-7"}}, {"type": "Feature", "id": "platforms.146", "geometry": {"type": "Point", "coordinates": [13.920136, 43.206235]}, "geometry_name": "the_geom", "properties": {"country": "Italy", "platformid": "267", "current_status": "Operational", "name": "SAN GIORGIO MARE 6", "category": "Fixed steel", "function": "Production platform", "operator": "EDISON", "location_blocks": "B.C  2.LF", "primary_production": "Natural Gas", "weight_sub": null, "weight_top": null, "production_start": null, "valid_from": "19800101", "valid_to": null, "water_depth": 18, "coast_dist": 9919.6727572, "remarks": "4-legged steel jacket - Connected to platform SAN GIORGIO MARE C"}}, {"type": "Feature", "id": "platforms.147", "geometry": {"type": "Point", "coordinates": [14.463941, 42.768002]}, "geometry_name": "the_geom", "properties": {"country": "Italy", "platformid": "236", "current_status": "Operational", "name": "GIOVANNA", "category": "Fixed steel", "function": "Production platform", "operator": "ENI", "location_blocks": "B.C 10.AS", "primary_production": "Natural Gas", "weight_sub": null, "weight_top": null, "production_start": null, "valid_from": "19920101", "valid_to": null, "water_depth": 117, "coast_dist": 36735.5218506, "remarks": "8-legged steel jacket - Connected to PINETO gas gathering and treatment centre"}}, {"type": "Feature", "id": "platforms.148", "geometry": {"type": "Point", "coordinates": [12.453451, 44.475986]}, "geometry_name": "the_geom", "properties": {"country": "Italy", "platformid": "184", "current_status": "Closed down", "name": "ARMIDA 1", "category": "Fixed steel", "function": "Production platform", "operator": "ENI", "location_blocks": "A.C 29.EA", "primary_production": "Natural Gas", "weight_sub": null, "weight_top": null, "production_start": null, "valid_from": "19730101", "valid_to": null, "water_depth": 18, "coast_dist": 12934.5199008, "remarks": "Single pile platform - Connected to platform ARMIDA A - It also connects platform DIANA to ARMIDA A - Abandoned well"}}, {"type": "Feature", "id": "platforms.149", "geometry": {"type": "Point", "coordinates": [17.200158, 39.084925]}, "geometry_name": "the_geom", "properties": {"country": "Italy", "platformid": "244", "current_status": "Operational", "name": "LUNA B", "category": "Fixed steel", "function": "Production platform", "operator": "ENI", "location_blocks": "D.C  1.AG", "primary_production": "Natural Gas", "weight_sub": null, "weight_top": null, "production_start": null, "valid_from": "19920101", "valid_to": null, "water_depth": 100, "coast_dist": 5374.14430346, "remarks": "8-legged steel jacket - Connected to platform LUNA A - It also connects platform HERA LACINIA 14 to LUNA SAF 40"}}, {"type": "Feature", "id": "platforms.150", "geometry": {"type": "Point", "coordinates": [13.001086, 44.131649]}, "geometry_name": "the_geom", "properties": {"country": "Italy", "platformid": "199", "current_status": "Operational", "name": "BASIL", "category": "Fixed steel", "function": "Production platform", "operator": "ENI", "location_blocks": "A.C 12.AG", "primary_production": "Natural Gas", "weight_sub": null, "weight_top": null, "production_start": null, "valid_from": "19830101", "valid_to": null, "water_depth": 45, "coast_dist": 24084.6959064, "remarks": "4-legged steel jacket - Connected to FANO gas gathering and treatment centre - It also connects platforms GIULIA 1, REGINA, REGINA 1, BRENDA PROD, ANNABELLA, ANNALISA, ANNAMARIA A e BRENDA PERF to FANO centre"}}, {"type": "Feature", "id": "platforms.151", "geometry": {"type": "Point", "coordinates": [13.809339, 44.030369]}, "geometry_name": "the_geom", "properties": {"country": "Italy", "platformid": "191", "current_status": "Operational", "name": "BARBARA D", "category": "Fixed steel", "function": "Production platform", "operator": "ENI", "location_blocks": "A.C  7.AS", "primary_production": "Natural Gas", "weight_sub": null, "weight_top": null, "production_start": null, "valid_from": "19860101", "valid_to": null, "water_depth": 70, "coast_dist": 50627.8864071, "remarks": "8-legged steel jacket - Connected to platform BARBARA T"}}, {"type": "Feature", "id": "platforms.152", "geometry": {"type": "Point", "coordinates": [12.70481195, 44.22930194]}, "geometry_name": "the_geom", "properties": {"country": "Italy", "platformid": "173", "current_status": "Operational", "name": "ANEMONE B", "category": "Fixed steel", "function": "Production platform", "operator": "ENI", "location_blocks": "A.C  5.AV", "primary_production": "Natural Gas", "weight_sub": null, "weight_top": null, "production_start": null, "valid_from": "19990101", "valid_to": null, "water_depth": 23, "coast_dist": 19685.3297617, "remarks": "4-legged steel jacket - Connected to platform ANEMONE CLUSTER"}}, {"type": "Feature", "id": "platforms.153", "geometry": {"type": "Point", "coordinates": [13.594536, 37.000607]}, "geometry_name": "the_geom", "properties": {"country": "Italy", "platformid": "296", "current_status": "Closed down", "name": "PANDA W 1", "category": "Subsea steel", "function": "Subsea", "operator": "ENI", "location_blocks": "G.R 14.AG", "primary_production": "Natural Gas", "weight_sub": null, "weight_top": null, "production_start": null, "valid_from": "20030101", "valid_to": null, "water_depth": 517, "coast_dist": 21580.7722042, "remarks": "Subsea wellhead not operating - Potentially productive well that is awaiting the release of an exploitation licence"}}, {"type": "Feature", "id": "platforms.154", "geometry": {"type": "Point", "coordinates": [14.946579, 42.213157]}, "geometry_name": "the_geom", "properties": {"country": "Italy", "platformid": "264", "current_status": "Operational", "name": "ROSPO MARE B", "category": "Fixed steel", "function": "Production platform", "operator": "EDISON", "location_blocks": "B.C  8.LF", "primary_production": "Crude Oil", "weight_sub": null, "weight_top": null, "production_start": null, "valid_from": "19860101", "valid_to": null, "water_depth": 77, "coast_dist": 19555.678423, "remarks": "8-legged steel jacket - Connected to floating unit ALBA MARINA - It also connects platforms ROSPO MARE A and ROSPO MARE C to ALBA MARINA"}}, {"type": "Feature", "id": "platforms.155", "geometry": {"type": "Point", "coordinates": [13.249706, 44.066931]}, "geometry_name": "the_geom", "properties": {"country": "Italy", "platformid": "215", "current_status": "Operational", "name": "DARIA B", "category": "Fixed steel", "function": "Other", "operator": "ENI", "location_blocks": "A.C 13.AS", "primary_production": "Natural Gas", "weight_sub": null, "weight_top": null, "production_start": null, "valid_from": "19950101", "valid_to": null, "water_depth": 55, "coast_dist": 29929.2679944, "remarks": "4-legged steel jacket - Compression and first treatment platform connected in a single structure to DARIA A"}}, {"type": "Feature", "id": "platforms.156", "geometry": {"type": "Point", "coordinates": [18.327114, 40.930188]}, "geometry_name": "the_geom", "properties": {"country": "Italy", "platformid": "283", "current_status": "Closed down", "name": "AQUILA 2", "category": "Subsea steel", "function": "Subsea", "operator": "ENI", "location_blocks": "F.C  2.AG", "primary_production": "Crude Oil", "weight_sub": null, "weight_top": null, "production_start": null, "valid_from": "19930101", "valid_to": null, "water_depth": 820, "coast_dist": 40757.0027892, "remarks": "Subsea wellhead - It was connected to the Floating Production Storage and Offloading (FPSO) vessel FIRENZE"}}, {"type": "Feature", "id": "platforms.157", "geometry": {"type": "Point", "coordinates": [13.788738, 43.288851]}, "geometry_name": "the_geom", "properties": {"country": "Italy", "platformid": "275", "current_status": "Operational", "name": "SARAGO MARE A", "category": "Fixed steel", "function": "Production platform", "operator": "EDISON", "location_blocks": "B.C  7.LF", "primary_production": "Crude Oil", "weight_sub": null, "weight_top": null, "production_start": null, "valid_from": "19810101", "valid_to": null, "water_depth": 12, "coast_dist": 3233.86897607, "remarks": "8-legged steel jacket - Connected to MARIA A MARE oil gathering and treatment centre - It also connects platform SARAGO MARE 1 to MARIA A MARE centre"}}, {"type": "Feature", "id": "platforms.158", "geometry": {"type": "Point", "coordinates": [12.512127, 44.523767]}, "geometry_name": "the_geom", "properties": {"country": "Italy", "platformid": "231", "current_status": "Operational", "name": "GARIBALDI A CLUSTER", "category": "Fixed steel", "function": "Production platform", "operator": "ENI", "location_blocks": "A.C  1.AG", "primary_production": "Natural Gas", "weight_sub": null, "weight_top": null, "production_start": null, "valid_from": "19910101", "valid_to": null, "water_depth": 24, "coast_dist": 18299.6844603, "remarks": "Cluster - Connected to platform GARIBALDI T"}}, {"type": "Feature", "id": "platforms.159", "geometry": {"type": "Point", "coordinates": [12.70533801, 44.21278031]}, "geometry_name": "the_geom", "properties": {"country": "Italy", "platformid": "174", "current_status": "Operational", "name": "ANEMONE CLUSTER", "category": "Fixed steel", "function": "Production platform", "operator": "ENI", "location_blocks": "A.C  8.ME", "primary_production": "Natural Gas", "weight_sub": null, "weight_top": null, "production_start": null, "valid_from": "19790101", "valid_to": null, "water_depth": 22, "coast_dist": 18175.6386997, "remarks": "Cluster - Connected to platform CERVIA - It also conect platforms ANEMONE B and ANTONELLA to CERVIA A"}}, {"type": "Feature", "id": "platforms.160", "geometry": {"type": "Point", "coordinates": [13.249138, 44.067586]}, "geometry_name": "the_geom", "properties": {"country": "Italy", "platformid": "214", "current_status": "Operational", "name": "DARIA A", "category": "Fixed steel", "function": "Production platform", "operator": "ENI", "location_blocks": "A.C 13.AS", "primary_production": "Natural Gas", "weight_sub": null, "weight_top": null, "production_start": null, "valid_from": "19940101", "valid_to": null, "water_depth": 56, "coast_dist": 29959.1082177, "remarks": "4-legged steel jacket - Production platform connected in a single structure to DARIA B"}}, {"type": "Feature", "id": "platforms.161", "geometry": {"type": "Point", "coordinates": [14.215197, 43.764413]}, "geometry_name": "the_geom", "properties": {"country": "Italy", "platformid": "302", "current_status": "Operational", "name": "ELETTRA", "category": "Fixed steel", "function": "Production platform", "operator": "ENI", "location_blocks": "B.C 23.AG", "primary_production": "Natural Gas", "weight_sub": null, "weight_top": null, "production_start": null, "valid_from": "20140101", "valid_to": null, "water_depth": 78, "coast_dist": 53153.1936564, "remarks": "3-legged steel jacket - Tied in to BONACCIA - BARBARA C and connected to FALCONARA gas gathering and treatment centre"}}, {"type": "Feature", "id": "platforms.162", "geometry": {"type": "Point", "coordinates": [14.970746, 42.203712]}, "geometry_name": "the_geom", "properties": {"country": "Italy", "platformid": "263", "current_status": "Operational", "name": "ROSPO MARE A", "category": "Fixed steel", "function": "Production platform", "operator": "EDISON", "location_blocks": "B.C  8.LF", "primary_production": "Crude Oil", "weight_sub": null, "weight_top": null, "production_start": null, "valid_from": "19810101", "valid_to": null, "water_depth": 76, "coast_dist": 20900.4714431, "remarks": "4-legged steel jacket - Connected to platform ROSPO MARE B"}}, {"type": "Feature", "id": "platforms.163", "geometry": {"type": "Point", "coordinates": [13.732618, 36.936642]}, "geometry_name": "the_geom", "properties": {"country": "Italy", "platformid": "297", "current_status": "Operational", "name": "CASSIOPEA 1", "category": "Subsea steel", "function": "Subsea", "operator": "ENI", "location_blocks": "G.C  1.AG", "primary_production": "Natural Gas", "weight_sub": null, "weight_top": null, "production_start": null, "valid_from": "20080101", "valid_to": null, "water_depth": 586, "coast_dist": 22342.6299089, "remarks": "Subsea wellhead"}}, {"type": "Feature", "id": "platforms.164", "geometry": {"type": "Point", "coordinates": [17.172791, 39.061388]}, "geometry_name": "the_geom", "properties": {"country": "Italy", "platformid": "239", "current_status": "Operational", "name": "HERA LACINIA BEAF", "category": "Fixed steel", "function": "Production platform", "operator": "ENI", "location_blocks": "D.C  1.AG", "primary_production": "Natural Gas", "weight_sub": null, "weight_top": null, "production_start": null, "valid_from": "19980101", "valid_to": null, "water_depth": 32, "coast_dist": 2647.10909957, "remarks": "4-legged steel jacket - Connected to platform LUNA A"}}, {"type": "Feature", "id": "platforms.165", "geometry": {"type": "Point", "coordinates": [12.496269, 44.540752]}, "geometry_name": "the_geom", "properties": {"country": "Italy", "platformid": "167", "current_status": "Operational", "name": "AGOSTINO A CLUSTER", "category": "Fixed steel", "function": "Production platform", "operator": "ENI", "location_blocks": "A.C  3.AS", "primary_production": "Natural Gas", "weight_sub": null, "weight_top": null, "production_start": null, "valid_from": "19910101", "valid_to": null, "water_depth": 24, "coast_dist": 16913.1908622, "remarks": "Cluster - Connected to platform AGOSTINO A"}}, {"type": "Feature", "id": "platforms.166", "geometry": {"type": "Point", "coordinates": [12.660845, 44.405721]}, "geometry_name": "the_geom", "properties": {"country": "Italy", "platformid": "169", "current_status": "Operational", "name": "AMELIA A", "category": "Fixed steel", "function": "Production platform", "operator": "ENI", "location_blocks": "A.C  2.AS", "primary_production": "Natural Gas", "weight_sub": null, "weight_top": null, "production_start": null, "valid_from": "19710101", "valid_to": null, "water_depth": 32, "coast_dist": 27062.0809833, "remarks": "8-legged steel jacket - Connected to platform AMELIA B"}}, {"type": "Feature", "id": "platforms.167", "geometry": {"type": "Point", "coordinates": [13.762702, 44.069387]}, "geometry_name": "the_geom", "properties": {"country": "Italy", "platformid": "195", "current_status": "Operational", "name": "BARBARA H", "category": "Fixed steel", "function": "Production platform", "operator": "ENI", "location_blocks": "A.C  7.AS", "primary_production": "Natural Gas", "weight_sub": null, "weight_top": null, "production_start": null, "valid_from": "19920101", "valid_to": null, "water_depth": 70, "coast_dist": 52905.3697393, "remarks": "8-legged steel jacket - Connected to platform BARBARA T"}}, {"type": "Feature", "id": "platforms.168", "geometry": {"type": "Point", "coordinates": [14.163626, 43.021356]}, "geometry_name": "the_geom", "properties": {"country": "Italy", "platformid": "248", "current_status": "Operational", "name": "PENNINA", "category": "Fixed steel", "function": "Production platform", "operator": "ENI", "location_blocks": "B.C 15.AV", "primary_production": "Natural Gas", "weight_sub": null, "weight_top": null, "production_start": null, "valid_from": "19860101", "valid_to": null, "water_depth": 72, "coast_dist": 23608.9872714, "remarks": "8-legged steel jacket - Connected to GROTTAMMARE gas gathering and treatment centre - It also connects subsea wellhead ELENA 1 to GROTTAMMARE centre"}}, {"type": "Feature", "id": "platforms.169", "geometry": {"type": "Point", "coordinates": [14.437581, 43.578672]}, "geometry_name": "the_geom", "properties": {"country": "Italy", "platformid": "301", "current_status": "Operational", "name": "BONACCIA EST 2", "category": "Subsea steel", "function": "Subsea", "operator": "ENI", "location_blocks": "B.C 17.TO", "primary_production": "Natural Gas", "weight_sub": null, "weight_top": null, "production_start": null, "valid_from": "20100101", "valid_to": null, "water_depth": 85, "coast_dist": 63902.019015, "remarks": "Subsea wellhead - Connected to platform BONACCIA - It also connects platform BONACCIA EST 3 to BONACCIA"}}, {"type": "Feature", "id": "platforms.170", "geometry": {"type": "Point", "coordinates": [14.637158, 36.559805]}, "geometry_name": "the_geom", "properties": {"country": "Italy", "platformid": "280", "current_status": "Operational", "name": "LEONIS", "category": "Floating steel", "function": "Above water storage and production", "operator": "EDISON", "location_blocks": "C.C 6.EO", "primary_production": "Crude Oil", "weight_sub": null, "weight_top": null, "production_start": null, "valid_from": "20090101", "valid_to": null, "water_depth": 123, "coast_dist": 18422.5440299, "remarks": "FSO (Floating Storage Offloading) vessel operating with platform VEGA A"}}, {"type": "Feature", "id": "platforms.171", "geometry": {"type": "Point", "coordinates": [12.359708, 44.511732]}, "geometry_name": "the_geom", "properties": {"country": "Italy", "platformid": "256", "current_status": "Operational", "name": "PORTO CORSINI M W A", "category": "Fixed steel", "function": "Production platform", "operator": "ENI", "location_blocks": "A.C 26.EA", "primary_production": "Natural Gas", "weight_sub": null, "weight_top": null, "production_start": null, "valid_from": "19680101", "valid_to": null, "water_depth": 13, "coast_dist": 6139.27237676, "remarks": "12-legged stell jacket - Platform connected in a single structure to platform PORTO CORSINI M W T - Connected to CASALBORSETTI gas gathering and treatment centre"}}, {"type": "Feature", "id": "platforms.172", "geometry": {"type": "Point", "coordinates": [13.805449, 36.926058]}, "geometry_name": "the_geom", "properties": {"country": "Italy", "platformid": "294", "current_status": "Operational", "name": "ARGO 2", "category": "Subsea steel", "function": "Subsea", "operator": "ENI", "location_blocks": "G.C  1.AG", "primary_production": "Natural Gas", "weight_sub": null, "weight_top": null, "production_start": null, "valid_from": "20080101", "valid_to": null, "water_depth": 548, "coast_dist": 20485.9679334, "remarks": "Subsea wellhead"}}, {"type": "Feature", "id": "platforms.173", "geometry": {"type": "Point", "coordinates": [13.407327, 44.322576]}, "geometry_name": "the_geom", "properties": {"country": "Italy", "platformid": "288", "current_status": "Operational", "name": "ANNAMARIA B", "category": "Fixed steel", "function": "Production platform", "operator": "ENI", "location_blocks": "A.C 11.AG", "primary_production": "Natural Gas", "weight_sub": null, "weight_top": null, "production_start": null, "valid_from": "20070101", "valid_to": null, "water_depth": 60, "coast_dist": 59546.7841289, "remarks": "4-legged steel jacket - Connected to platform BRENDA PROD - It also connects platform ANNAMARIA A (located on Croatia's continental shelf) to BRENDA"}}, {"type": "Feature", "id": "platforms.174", "geometry": {"type": "Point", "coordinates": [14.017133, 43.095985]}, "geometry_name": "the_geom", "properties": {"country": "Italy", "platformid": "216", "current_status": "Operational", "name": "DAVIDE", "category": "Fixed steel", "function": "Production platform", "operator": "ENI", "location_blocks": "B.C  4.AS", "primary_production": "Natural Gas", "weight_sub": null, "weight_top": null, "production_start": null, "valid_from": "19800101", "valid_to": null, "water_depth": 30, "coast_dist": 13909.2769154, "remarks": "Single pile platform - Platform connected in a single structure to platform DAVIDE 7 - Connected to GROTTAMMARE gas gathering and treatment centre"}}, {"type": "Feature", "id": "platforms.175", "geometry": {"type": "Point", "coordinates": [14.59295, 42.231768]}, "geometry_name": "the_geom", "properties": {"country": "Italy", "platformid": "270", "current_status": "Operational", "name": "SANTO STEFANO MARE 1-9", "category": "Fixed steel", "function": "Production platform", "operator": "EDISON", "location_blocks": "B.C  1.LF", "primary_production": "Natural Gas", "weight_sub": null, "weight_top": null, "production_start": null, "valid_from": "19680101", "valid_to": null, "water_depth": 13, "coast_dist": 1991.14813626, "remarks": "5-legged steel jacket - Connected to SANTO STEFANO MARE gas gathering and treatment centre"}}, {"type": "Feature", "id": "platforms.176", "geometry": {"type": "Point", "coordinates": [14.246376, 42.897839]}, "geometry_name": "the_geom", "properties": {"country": "Italy", "platformid": "205", "current_status": "Operational", "name": "CAMILLA 2", "category": "Subsea steel", "function": "Subsea", "operator": "ENI", "location_blocks": "B.C  3.AS", "primary_production": "Natural Gas", "weight_sub": null, "weight_top": null, "production_start": null, "valid_from": "20010101", "valid_to": null, "water_depth": 80, "coast_dist": 26430.7391165, "remarks": "Subsea wellhead - Connected to platform ELEONORA"}}, {"type": "Feature", "id": "platforms.177", "geometry": {"type": "Point", "coordinates": [12.63901324, 44.29461481]}, "geometry_name": "the_geom", "properties": {"country": "Italy", "platformid": "206", "current_status": "Operational", "name": "CERVIA A", "category": "Fixed steel", "function": "Production platform", "operator": "ENI", "location_blocks": "CERVIA MARE", "primary_production": "Natural Gas", "weight_sub": null, "weight_top": null, "production_start": null, "valid_from": "19860101", "valid_to": null, "water_depth": 23, "coast_dist": 20926.7929816, "remarks": "8-legged steel jacket - It's a single structure with platforms CERVIA K and CERVIA CLUSTER - Connected to platform CERVIA K - It also connects platform ANEMONE CLUSTER to CERVIA K"}}, {"type": "Feature", "id": "platforms.178", "geometry": {"type": "Point", "coordinates": [13.044925, 44.116443]}, "geometry_name": "the_geom", "properties": {"country": "Italy", "platformid": "202", "current_status": "Operational", "name": "BRENDA PERF", "category": "Fixed steel", "function": "Production platform", "operator": "ENI", "location_blocks": "A.C 12.AG", "primary_production": "Natural Gas", "weight_sub": null, "weight_top": null, "production_start": null, "valid_from": "19870101", "valid_to": null, "water_depth": 47, "coast_dist": 23893.3381065, "remarks": "4-legged steel jacket - It's a single structure with platforms BRENDA PROD"}}, {"type": "Feature", "id": "platforms.179", "geometry": {"type": "Point", "coordinates": [12.51145, 44.523346]}, "geometry_name": "the_geom", "properties": {"country": "Italy", "platformid": "234", "current_status": "Operational", "name": "GARIBALDI T", "category": "Fixed steel", "function": "Other", "operator": "ENI", "location_blocks": "A.C  1.AG", "primary_production": "Natural Gas", "weight_sub": null, "weight_top": null, "production_start": null, "valid_from": "19980101", "valid_to": null, "water_depth": 25, "coast_dist": 18239.4624215, "remarks": "4-legged steel jacket - Platform connected in a single structure to GARIBALDI K - Connected to CASALBORSETTI gas gathering and treatment centre - It also connects platforms GARIBALDI A, GARIBALDI A CLUSTER, GARIBALDI B, GARIBALDI C, GARIBALDI D, GARIBALD"}}, {"type": "Feature", "id": "platforms.180", "geometry": {"type": "Point", "coordinates": [13.811731, 43.253892]}, "geometry_name": "the_geom", "properties": {"country": "Italy", "platformid": "282", "current_status": "Operational", "name": "VONGOLA MARE 1", "category": "Fixed steel", "function": "Production platform", "operator": "EDISON", "location_blocks": "B.C  7.LF", "primary_production": "Natural Gas", "weight_sub": null, "weight_top": null, "production_start": null, "valid_from": "19850101", "valid_to": null, "water_depth": 14, "coast_dist": 3421.8728713, "remarks": "4-legged steel jacket - Connected to SAN GIORGIO A MARE gas gathering and treatment centre"}}, {"type": "Feature", "id": "platforms.181", "geometry": {"type": "Point", "coordinates": [12.63972053, 44.29512305]}, "geometry_name": "the_geom", "properties": {"country": "Italy", "platformid": "209", "current_status": "Operational", "name": "CERVIA A CLUSTER", "category": "Fixed steel", "function": "Production platform", "operator": "ENI", "location_blocks": "CERVIA MARE", "primary_production": "Natural Gas", "weight_sub": null, "weight_top": null, "production_start": null, "valid_from": "19920101", "valid_to": null, "water_depth": 23, "coast_dist": 21006.4031007, "remarks": "Cluster - It's a single structure with platforms CERVIA K and CERVIA K - Connected to platform CERVIA K"}}, {"type": "Feature", "id": "platforms.182", "geometry": {"type": "Point", "coordinates": [13.757562, 44.086474]}, "geometry_name": "the_geom", "properties": {"country": "Italy", "platformid": "192", "current_status": "Operational", "name": "BARBARA E", "category": "Fixed steel", "function": "Production platform", "operator": "ENI", "location_blocks": "A.C  7.AS", "primary_production": "Natural Gas", "weight_sub": null, "weight_top": null, "production_start": null, "valid_from": "19870101", "valid_to": null, "water_depth": 70, "coast_dist": 54501.7723493, "remarks": "8-legged steel jacket - Connected to platform BARBARA T"}}, {"type": "Feature", "id": "platforms.183", "geometry": {"type": "Point", "coordinates": [14.153981, 43.899535]}, "geometry_name": "the_geom", "properties": {"country": "Italy", "platformid": "204", "current_status": "Operational", "name": "CALPURNIA", "category": "Fixed steel", "function": "Production platform", "operator": "ENI", "location_blocks": "B.C 22.AG", "primary_production": "Natural Gas", "weight_sub": null, "weight_top": null, "production_start": null, "valid_from": "20000101", "valid_to": null, "water_depth": 72, "coast_dist": 57586.5690306, "remarks": "4-legged steel jacket - Connected to platform BARBARA T2 - It also connects platforms CLARA NORD and CLARA EST to BARBARA T2"}}, {"type": "Feature", "id": "platforms.184", "geometry": {"type": "Point", "coordinates": [12.37289, 44.508981]}, "geometry_name": "the_geom", "properties": {"country": "Italy", "platformid": "258", "current_status": "Operational", "name": "PORTO CORSINI M W C", "category": "Fixed steel", "function": "Production platform", "operator": "ENI", "location_blocks": "A.C 26.EA", "primary_production": "Natural Gas", "weight_sub": null, "weight_top": null, "production_start": null, "valid_from": "19870101", "valid_to": null, "water_depth": 14, "coast_dist": 7107.18555861, "remarks": "8-legged steel jacket - Connected to platform PORTO CORSINI M W T - It also connects platform PORTO CORSINI M W B to PORTO CORSINI M W T"}}, {"type": "Feature", "id": "platforms.185", "geometry": {"type": "Point", "coordinates": [12.71425331, 44.17186379]}, "geometry_name": "the_geom", "properties": {"country": "Italy", "platformid": "187", "current_status": "Operational", "name": "AZALEA A", "category": "Fixed steel", "function": "Production platform", "operator": "ENI", "location_blocks": "A.C  8.ME", "primary_production": "Natural Gas", "weight_sub": null, "weight_top": null, "production_start": null, "valid_from": "19840101", "valid_to": null, "water_depth": 19, "coast_dist": 15199.6844054, "remarks": "Double pile platform - Wells plugged. Re-use for environmental monitoring under evaluation"}}, {"type": "Feature", "id": "platforms.186", "geometry": {"type": "Point", "coordinates": [14.244378, 42.715657]}, "geometry_name": "the_geom", "properties": {"country": "Italy", "platformid": "277", "current_status": "Operational", "name": "SQUALO", "category": "Fixed steel", "function": "Production platform", "operator": "ENI", "location_blocks": "B.C  9.AS", "primary_production": "Natural Gas", "weight_sub": null, "weight_top": null, "production_start": null, "valid_from": "19800101", "valid_to": null, "water_depth": 70, "coast_dist": 18168.3397423, "remarks": "4-legged steel jacket - Connected to PINETO gas gathering and treatment centre"}}, {"type": "Feature", "id": "platforms.187", "geometry": {"type": "Point", "coordinates": [13.045114, 44.115802]}, "geometry_name": "the_geom", "properties": {"country": "Italy", "platformid": "314", "current_status": "Operational", "name": "BRENDA PROD", "category": "Fixed steel", "function": "Production platform", "operator": "ENI", "location_blocks": "A.C 12.AG", "primary_production": "Natural Gas", "weight_sub": null, "weight_top": null, "production_start": null, "valid_from": "19870101", "valid_to": null, "water_depth": 47, "coast_dist": 23837.2547461, "remarks": "4-legged steel jacket - Gas first processing platform - It's a single structure with platform BRENDA PERF - Connected to platform BASIL - It also connects platforms ANNABELLA, ANNALISA, ANNAMARIA A e BRENDA PERF to BASIL"}}, {"type": "Feature", "id": "platforms.188", "geometry": {"type": "Point", "coordinates": [14.183769, 42.559691]}, "geometry_name": "the_geom", "properties": {"country": "Italy", "platformid": "276", "current_status": "Operational", "name": "SIMONETTA 1", "category": "Fixed steel", "function": "Production platform", "operator": "ENI", "location_blocks": "B.C  5.AS", "primary_production": "Natural Gas", "weight_sub": null, "weight_top": null, "production_start": null, "valid_from": "19970101", "valid_to": null, "water_depth": 17, "coast_dist": 4459.68133304, "remarks": "Single pile platform - Connected to platform FRATELLO EST"}}, {"type": "Feature", "id": "platforms.189", "geometry": {"type": "Point", "coordinates": [14.26955, 37.032157]}, "geometry_name": "the_geom", "properties": {"country": "Italy", "platformid": "235", "current_status": "Operational", "name": "GELA 1", "category": "Fixed steel", "function": "Production platform", "operator": "ENI MEDITERRANEA IDROCARBURI", "location_blocks": "C.C  1.AG", "primary_production": "Crude Oil", "weight_sub": null, "weight_top": null, "production_start": null, "valid_from": "19640101", "valid_to": null, "water_depth": 10, "coast_dist": 1762.74664608, "remarks": "Bridge - Connected in a single structure to platform GELA CLUSTER"}}, {"type": "Feature", "id": "platforms.190", "geometry": {"type": "Point", "coordinates": [13.741427, 44.091609]}, "geometry_name": "the_geom", "properties": {"country": "Italy", "platformid": "189", "current_status": "Operational", "name": "BARBARA B", "category": "Fixed steel", "function": "Production platform", "operator": "ENI", "location_blocks": "A.C  7.AS", "primary_production": "Natural Gas", "weight_sub": null, "weight_top": null, "production_start": null, "valid_from": "19830101", "valid_to": null, "water_depth": 69, "coast_dist": 54567.647149, "remarks": "4-legged steel jacket - Connected with platform BARBARA T - It also connects platforms BARBARA NW, BARBARA A and FAUZIA to BARBARA T"}}, {"type": "Feature", "id": "platforms.191", "geometry": {"type": "Point", "coordinates": [12.531443, 44.486994]}, "geometry_name": "the_geom", "properties": {"country": "Italy", "platformid": "229", "current_status": "Operational", "name": "GARIBALDI B", "category": "Fixed steel", "function": "Production platform", "operator": "ENI", "location_blocks": "A.C  1.AG", "primary_production": "Natural Gas", "weight_sub": null, "weight_top": null, "production_start": null, "valid_from": "19690101", "valid_to": null, "water_depth": 26, "coast_dist": 19225.4130105, "remarks": "8-legged steel jacket - Connected to platform GARIBALDI T - It also connects platform GARIBALDI B to GARIBALDI T"}}, {"type": "Feature", "id": "platforms.192", "geometry": {"type": "Point", "coordinates": [13.781867, 44.076859]}, "geometry_name": "the_geom", "properties": {"country": "Italy", "platformid": "190", "current_status": "Operational", "name": "BARBARA C", "category": "Fixed steel", "function": "Production platform", "operator": "ENI", "location_blocks": "A.C  7.AS", "primary_production": "Natural Gas", "weight_sub": null, "weight_top": null, "production_start": null, "valid_from": "19850101", "valid_to": null, "water_depth": 70, "coast_dist": 54281.603405, "remarks": "8-legged steel jacket - It's a single structure with platforms BARBARA T and BARBARA T2 - Connected to BARBARA T - It also connects platforms BARBARA A, CALIPSO, CLARA NW, CALPURNIA, CLARA NORD, CLARA EST, ELETTRA, BONACCIA, BONACCIA NW to BARBARA T"}}, {"type": "Feature", "id": "platforms.193", "geometry": {"type": "Point", "coordinates": [12.510533, 44.523055]}, "geometry_name": "the_geom", "properties": {"country": "Italy", "platformid": "228", "current_status": "Operational", "name": "GARIBALDI A", "category": "Fixed steel", "function": "Production platform", "operator": "ENI", "location_blocks": "A.C  1.AG", "primary_production": "Natural Gas", "weight_sub": null, "weight_top": null, "production_start": null, "valid_from": "19690101", "valid_to": null, "water_depth": 25, "coast_dist": 18162.5710997, "remarks": "8-legged steel jacket - Connected to platform GARIBALDI T - It also connects platform NAOMI PANDORA to GARIBALDI T"}}, {"type": "Feature", "id": "platforms.194", "geometry": {"type": "Point", "coordinates": [14.437583, 43.578614]}, "geometry_name": "the_geom", "properties": {"country": "Italy", "platformid": "308", "current_status": "Operational", "name": "BONACCIA EST 3", "category": "Subsea steel", "function": "Subsea", "operator": "ENI", "location_blocks": "B.C 17.TO", "primary_production": "Natural Gas", "weight_sub": null, "weight_top": null, "production_start": null, "valid_from": "20100101", "valid_to": null, "water_depth": 85, "coast_dist": 63899.2469074, "remarks": "Subsea wellhead - Connected to platform BONACCIA EST 2"}}, {"type": "Feature", "id": "platforms.195", "geometry": {"type": "Point", "coordinates": [13.803467, 44.047208]}, "geometry_name": "the_geom", "properties": {"country": "Italy", "platformid": "188", "current_status": "Operational", "name": "BARBARA A", "category": "Fixed steel", "function": "Production platform", "operator": "ENI", "location_blocks": "A.C  7.AS", "primary_production": "Natural Gas", "weight_sub": null, "weight_top": null, "production_start": null, "valid_from": "19780101", "valid_to": null, "water_depth": 70, "coast_dist": 52059.4952701, "remarks": "4-legged steel jacket - Connected to platform BARBARA C - It also connects platforms CALIPSO and CLARA NW to BARBARA C"}}, {"type": "Feature", "id": "platforms.196", "geometry": {"type": "Point", "coordinates": [17.204166, 39.091944]}, "geometry_name": "the_geom", "properties": {"country": "Italy", "platformid": "242", "current_status": "Operational", "name": "LUNA 40 SAF", "category": "Subsea steel", "function": "Subsea", "operator": "ENI", "location_blocks": "D.C  1.AG", "primary_production": "Natural Gas", "weight_sub": null, "weight_top": null, "production_start": null, "valid_from": "19950101", "valid_to": null, "water_depth": 179, "coast_dist": 5852.0894587, "remarks": "Subsea wellhead - Connected to platform LUNA B"}}, {"type": "Feature", "id": "platforms.197", "geometry": {"type": "Point", "coordinates": [14.379206, 42.808505]}, "geometry_name": "the_geom", "properties": {"country": "Italy", "platformid": "223", "current_status": "Operational", "name": "EMMA OVEST", "category": "Fixed steel", "function": "Production platform", "operator": "ENI", "location_blocks": "B.C 10.AS", "primary_production": "Natural Gas", "weight_sub": null, "weight_top": null, "production_start": null, "valid_from": "19820101", "valid_to": null, "water_depth": 104, "coast_dist": 32685.1687047, "remarks": "4-legged steel jacket - Connected to PINETO gas gathering and treatment centre"}}, {"type": "Feature", "id": "platforms.198", "geometry": {"type": "Point", "coordinates": [12.72046633, 44.1668715]}, "geometry_name": "the_geom", "properties": {"country": "Italy", "platformid": "186", "current_status": "Operational", "name": "AZALEA B DR", "category": "Fixed steel", "function": "Production platform", "operator": "ENI", "location_blocks": "A.C  8.ME", "primary_production": "Natural Gas", "weight_sub": null, "weight_top": null, "production_start": null, "valid_from": "19870101", "valid_to": null, "water_depth": 19, "coast_dist": 15204.8275501, "remarks": "4-legged steel jacket - It's a single structure with platform AZALEA B PROD"}}, {"type": "Feature", "id": "platforms.199", "geometry": {"type": "Point", "coordinates": [12.471698, 44.554394]}, "geometry_name": "the_geom", "properties": {"country": "Italy", "platformid": "165", "current_status": "Operational", "name": "AGOSTINO B", "category": "Fixed steel", "function": "Production platform", "operator": "ENI", "location_blocks": "A.C  3.AS", "primary_production": "Natural Gas", "weight_sub": null, "weight_top": null, "production_start": null, "valid_from": "19710101", "valid_to": null, "water_depth": 22, "coast_dist": 14893.2085679, "remarks": "8-legged steel jacket - Connected to platform AGOSTINO A"}}, {"type": "Feature", "id": "platforms.200", "geometry": {"type": "Point", "coordinates": [17.214444, 39.088056]}, "geometry_name": "the_geom", "properties": {"country": "Italy", "platformid": "241", "current_status": "Operational", "name": "LUNA 27", "category": "Subsea steel", "function": "Subsea", "operator": "ENI", "location_blocks": "F.C  1.AG", "primary_production": "Natural Gas", "weight_sub": null, "weight_top": null, "production_start": null, "valid_from": "19870101", "valid_to": null, "water_depth": 180, "coast_dist": 6575.89435846, "remarks": "Subsea wellhead - Connected to platform LUNA A"}}, {"type": "Feature", "id": "platforms.201", "geometry": {"type": "Point", "coordinates": [12.54616, 44.478089]}, "geometry_name": "the_geom", "properties": {"country": "Italy", "platformid": "232", "current_status": "Operational", "name": "GARIBALDI D", "category": "Fixed steel", "function": "Production platform", "operator": "ENI", "location_blocks": "A.C  1.AG", "primary_production": "Natural Gas", "weight_sub": null, "weight_top": null, "production_start": null, "valid_from": "19930101", "valid_to": null, "water_depth": 25, "coast_dist": 19955.8187185, "remarks": "8-legged steel jacket - Connected to platform GARIBALDI B"}}, {"type": "Feature", "id": "platforms.202", "geometry": {"type": "Point", "coordinates": [12.75343167, 44.1309861]}, "geometry_name": "the_geom", "properties": {"country": "Italy", "platformid": "237", "current_status": "Closed down", "name": "GIULIA 1", "category": "Fixed steel", "function": "Production platform", "operator": "ENI", "location_blocks": "A.C 17.AG", "primary_production": "Natural Gas", "weight_sub": null, "weight_top": null, "production_start": null, "valid_from": "19800101", "valid_to": null, "water_depth": 17, "coast_dist": 14975.6157411, "remarks": "Single pile platform. Currently not operating"}}, {"type": "Feature", "id": "platforms.203", "geometry": {"type": "Point", "coordinates": [13.078865, 44.228781]}, "geometry_name": "the_geom", "properties": {"country": "Italy", "platformid": "177", "current_status": "Operational", "name": "ANNABELLA", "category": "Fixed steel", "function": "Production platform", "operator": "ENI", "location_blocks": "A.C 18.AG", "primary_production": "Natural Gas", "weight_sub": null, "weight_top": null, "production_start": null, "valid_from": "19910101", "valid_to": null, "water_depth": 50, "coast_dist": 36369.5134453, "remarks": "8-legged steel jacket - Connected to platform BRENDA PROD"}}, {"type": "Feature", "id": "platforms.204", "geometry": {"type": "Point", "coordinates": [14.939078, 42.201212]}, "geometry_name": "the_geom", "properties": {"country": "Italy", "platformid": "168", "current_status": "Operational", "name": "ALBA MARINA", "category": "Floating steel", "function": "Above water storage and production", "operator": "EDISON", "location_blocks": "B.C 8.LF", "primary_production": "Crude Oil", "weight_sub": null, "weight_top": null, "production_start": null, "valid_from": "20120101", "valid_to": null, "water_depth": 74, "coast_dist": 18684.4147904, "remarks": "FSO (Floating Storage Offloading) vessel, operating with platforms ROSPO MARE A, ROSPO MARE B and ROSPO MARE C"}}, {"type": "Feature", "id": "platforms.205", "geometry": {"type": "Point", "coordinates": [12.373913, 44.509292]}, "geometry_name": "the_geom", "properties": {"country": "Italy", "platformid": "257", "current_status": "Operational", "name": "PORTO CORSINI M W B", "category": "Fixed steel", "function": "Production platform", "operator": "ENI", "location_blocks": "A.C 26.EA", "primary_production": "Natural Gas", "weight_sub": null, "weight_top": null, "production_start": null, "valid_from": "19680101", "valid_to": null, "water_depth": 14, "coast_dist": 7193.05387232, "remarks": "12-legged stell jacket - Connected to platform PORTO CORSINI M W C"}}, {"type": "Feature", "id": "platforms.206", "geometry": {"type": "Point", "coordinates": [13.554058, 44.056355]}, "geometry_name": "the_geom", "properties": {"country": "Italy", "platformid": "303", "current_status": "Operational", "name": "FAUZIA", "category": "Fixed steel", "function": "Production platform", "operator": "ENI", "location_blocks": "A.C 36.AG", "primary_production": "Natural Gas", "weight_sub": null, "weight_top": null, "production_start": null, "valid_from": "20140101", "valid_to": null, "water_depth": 70, "coast_dist": 45686.958049, "remarks": "3-legged steel jacket - Connected to platform BARBARA B"}}, {"type": "Feature", "id": "platforms.207", "geometry": {"type": "Point", "coordinates": [13.923748, 43.197901]}, "geometry_name": "the_geom", "properties": {"country": "Italy", "platformid": "266", "current_status": "Operational", "name": "SAN GIORGIO MARE 3", "category": "Fixed steel", "function": "Production platform", "operator": "EDISON", "location_blocks": "B.C  2.LF", "primary_production": "Natural Gas", "weight_sub": null, "weight_top": null, "production_start": null, "valid_from": "19690101", "valid_to": null, "water_depth": 18, "coast_dist": 9839.84997126, "remarks": "4-legged steel jacket - Connected to platform SAN GIORGIO MARE C"}}, {"type": "Feature", "id": "platforms.210", "geometry": {"type": "Point", "coordinates": [12.359599, 44.51228]}, "geometry_name": "the_geom", "properties": {"country": "Italy", "platformid": "259", "current_status": "Operational", "name": "PORTO CORSINI M W T", "category": "Fixed steel", "function": "Other", "operator": "ENI", "location_blocks": "A.C 26.EA", "primary_production": "Natural Gas", "weight_sub": null, "weight_top": null, "production_start": null, "valid_from": "19870101", "valid_to": null, "water_depth": 13, "coast_dist": 6145.47113688, "remarks": "4-legged steel jacket - Platform connected in a single structure to platform PORTO CORSINI M W A"}}, {"type": "Feature", "id": "platforms.211", "geometry": {"type": "Point", "coordinates": [12.662902, 44.40694]}, "geometry_name": "the_geom", "properties": {"country": "Italy", "platformid": "171", "current_status": "Operational", "name": "AMELIA C", "category": "Fixed steel", "function": "Production platform", "operator": "ENI", "location_blocks": "A.C  2.AS", "primary_production": "Natural Gas", "weight_sub": null, "weight_top": null, "production_start": null, "valid_from": "19910101", "valid_to": null, "water_depth": 31, "coast_dist": 27260.8228496, "remarks": "4-legged steel jacket - Connected to platform AMELIA B"}}, {"type": "Feature", "id": "platforms.212", "geometry": {"type": "Point", "coordinates": [12.84030823, 44.10499252]}, "geometry_name": "the_geom", "properties": {"country": "Italy", "platformid": "261", "current_status": "Operational", "name": "REGINA", "category": "Fixed steel", "function": "Production platform", "operator": "ENI", "location_blocks": "A.C 17.AG", "primary_production": "Natural Gas", "weight_sub": null, "weight_top": null, "production_start": null, "valid_from": "19970101", "valid_to": null, "water_depth": 22, "coast_dist": 15899.0315671, "remarks": "4-legged steel jacket - Connected to platform BASIL - It also connects platform REGINA 1 to BASIL"}}, {"type": "Feature", "id": "platforms.213", "geometry": {"type": "Point", "coordinates": [12.48280434, 44.23112069]}, "geometry_name": "the_geom", "properties": {"country": "Italy", "platformid": "245", "current_status": "Operational", "name": "MORENA 1", "category": "Fixed steel", "function": "Production platform", "operator": "ENI", "location_blocks": "A.C 28.EA", "primary_production": "Natural Gas", "weight_sub": null, "weight_top": null, "production_start": null, "valid_from": "19960101", "valid_to": null, "water_depth": 10, "coast_dist": 6781.68405967, "remarks": "Single pile platform - Connected to RUBICONE gas gathering and treatment centre"}}, {"type": "Feature", "id": "platforms.214", "geometry": {"type": "Point", "coordinates": [14.625491, 36.540638]}, "geometry_name": "the_geom", "properties": {"country": "Italy", "platformid": "279", "current_status": "Operational", "name": "VEGA A", "category": "Fixed steel", "function": "Production platform", "operator": "EDISON", "location_blocks": "C.C  6.EO", "primary_production": "Crude Oil", "weight_sub": null, "weight_top": null, "production_start": null, "valid_from": "19860101", "valid_to": null, "water_depth": 124, "coast_dist": 20769.9049013, "remarks": "8-legged steel jacket - Connected to floating unit LEONIS"}}, {"type": "Feature", "id": "platforms.215", "geometry": {"type": "Point", "coordinates": [12.591176, 45.183361]}, "geometry_name": "the_geom", "properties": {"country": "Italy", "platformid": "299", "current_status": "Closed down", "name": "ADA 3", "category": "Fixed steel", "function": "Production platform", "operator": "ENI", "location_blocks": "A.C  9.AG", "primary_production": "Natural Gas", "weight_sub": null, "weight_top": null, "production_start": null, "valid_from": "19820101", "valid_to": null, "water_depth": 25, "coast_dist": 20440.8016944, "remarks": "Single pile platform. Abandoned well. Platform awaiting decommissioning"}}, {"type": "Feature", "id": "platforms.216", "geometry": {"type": "Point", "coordinates": [13.976674, 43.939355]}, "geometry_name": "the_geom", "properties": {"country": "Italy", "platformid": "212", "current_status": "Operational", "name": "CLARA NORD", "category": "Fixed steel", "function": "Production platform", "operator": "ENI", "location_blocks": "B.C 13.AS", "primary_production": "Natural Gas", "weight_sub": null, "weight_top": null, "production_start": null, "valid_from": "20000101", "valid_to": null, "water_depth": 74, "coast_dist": 50457.5888877, "remarks": "4-legged steel jacket - Connected to platform CALPURNIA"}}, {"type": "Feature", "id": "platforms.217", "geometry": {"type": "Point", "coordinates": [14.155689, 42.840158]}, "geometry_name": "the_geom", "properties": {"country": "Italy", "platformid": "220", "current_status": "Operational", "name": "ELEONORA", "category": "Fixed steel", "function": "Production platform", "operator": "ENI", "location_blocks": "B.C  3.AS", "primary_production": "Natural Gas", "weight_sub": null, "weight_top": null, "production_start": null, "valid_from": "19870101", "valid_to": null, "water_depth": 60, "coast_dist": 17475.4167388, "remarks": "8-legged steel jacket - Connected to PINETO gas gathering and treatment centre - It also connects platform EMILIO and subsea wellhead CAMILLA 2 to PINETO centre"}}, {"type": "Feature", "id": "platforms.218", "geometry": {"type": "Point", "coordinates": [14.216245, 36.954193]}, "geometry_name": "the_geom", "properties": {"country": "Italy", "platformid": "249", "current_status": "Operational", "name": "PERLA", "category": "Fixed steel", "function": "Production platform", "operator": "ENI MEDITERRANEA IDROCARBURI", "location_blocks": "C.C  3.AG", "primary_production": "Crude Oil", "weight_sub": null, "weight_top": null, "production_start": null, "valid_from": "19830101", "valid_to": null, "water_depth": 70, "coast_dist": 11518.7308295, "remarks": "4-legged steel jacket - Connected to CENTRO RACCOLTA OLIO PERLA E PREZIOSO oil gathering and treatment centre - It also connects platform PREZIOSO to CENTRO RACCOLTA OLIO PERLA E PREZIOSO centre"}}, {"type": "Feature", "id": "platforms.219", "geometry": {"type": "Point", "coordinates": [12.847421, 44.689101]}, "geometry_name": "the_geom", "properties": {"country": "Italy", "platformid": "247", "current_status": "Operational", "name": "NAOMI PANDORA", "category": "Fixed steel", "function": "Production platform", "operator": "ENI", "location_blocks": "A.C 33.AG", "primary_production": "Natural Gas", "weight_sub": null, "weight_top": null, "production_start": null, "valid_from": "20000101", "valid_to": null, "water_depth": 36, "coast_dist": 34728.4986836, "remarks": "4-legged steel jacket - Connected to platform GARIBALDI A"}}, {"type": "Feature", "id": "platforms.220", "geometry": {"type": "Point", "coordinates": [14.023295, 43.802145]}, "geometry_name": "the_geom", "properties": {"country": "Italy", "platformid": "311", "current_status": "Operational", "name": "CLARA NW", "category": "Fixed steel", "function": "Production platform", "operator": "ENI", "location_blocks": "B.C 13.AS", "primary_production": "Natural Gas", "weight_sub": null, "weight_top": null, "production_start": null, "valid_from": "20150101", "valid_to": null, "water_depth": 77, "coast_dist": 42549.7762422, "remarks": "4-legged steel jacket - Connected to platform CALIPSO"}}, {"type": "Feature", "id": "platforms.221", "geometry": {"type": "Point", "coordinates": [13.863461, 43.827416]}, "geometry_name": "the_geom", "properties": {"country": "Italy", "platformid": "203", "current_status": "Operational", "name": "CALIPSO", "category": "Fixed steel", "function": "Production platform", "operator": "ENI", "location_blocks": "B.C 14.AS", "primary_production": "Natural Gas", "weight_sub": null, "weight_top": null, "production_start": null, "valid_from": "20020101", "valid_to": null, "water_depth": 75, "coast_dist": 35338.5047182, "remarks": "4-legged steel jacket - Connected to platform BARBARA A - It also connects platform CLARA NW to BARBARA A"}}, {"type": "Feature", "id": "platforms.222", "geometry": {"type": "Point", "coordinates": [12.44372, 44.39535]}, "geometry_name": "the_geom", "properties": {"country": "Italy", "platformid": "179", "current_status": "Operational", "name": "ANTARES 1", "category": "Fixed steel", "function": "Production platform", "operator": "ENI", "location_blocks": "A.C 30.EA", "primary_production": "Natural Gas", "weight_sub": null, "weight_top": null, "production_start": null, "valid_from": "19820101", "valid_to": null, "water_depth": 14, "coast_dist": 9909.33458111, "remarks": "Single pile platform - Connected to platform ANTARES A"}}, {"type": "Feature", "id": "platforms.223", "geometry": {"type": "Point", "coordinates": [12.520448, 44.423325]}, "geometry_name": "the_geom", "properties": {"country": "Italy", "platformid": "251", "current_status": "Operational", "name": "PORTO CORSINI 80", "category": "Fixed steel", "function": "Production platform", "operator": "ENI", "location_blocks": "PORTO CORSINI MARE", "primary_production": "Natural Gas", "weight_sub": null, "weight_top": null, "production_start": null, "valid_from": "19810101", "valid_to": null, "water_depth": 25, "coast_dist": 16424.8522882, "remarks": "8-legged steel jacket - Connected to platform ANTARES A - It also connects platforms PORTO CORSINI 80 BIS, PORTO CORSINI M E C, PORTO CORSINI M S 1 e PORTO CORSINI M S 2 to ANTARES A"}}, {"type": "Feature", "id": "platforms.224", "geometry": {"type": "Point", "coordinates": [12.494432, 44.547245]}, "geometry_name": "the_geom", "properties": {"country": "Italy", "platformid": "166", "current_status": "Operational", "name": "AGOSTINO C", "category": "Fixed steel", "function": "Production platform", "operator": "ENI", "location_blocks": "A.C  3.AS", "primary_production": "Natural Gas", "weight_sub": null, "weight_top": null, "production_start": null, "valid_from": "19920101", "valid_to": null, "water_depth": 25, "coast_dist": 16718.8909718, "remarks": "8-legged steel jacket - Connected to platform GARIBALDI C"}}, {"type": "Feature", "id": "platforms.225", "geometry": {"type": "Point", "coordinates": [12.579063, 44.385039]}, "geometry_name": "the_geom", "properties": {"country": "Italy", "platformid": "312", "current_status": "Closed down", "name": "PORTO CORSINI 73", "category": "Fixed steel", "function": "Other", "operator": "ENI", "location_blocks": "PORTO CORSINI MARE", "primary_production": "Natural Gas", "weight_sub": null, "weight_top": null, "production_start": null, "valid_from": "19960101", "valid_to": null, "water_depth": 0.0, "coast_dist": 20153.3556099, "remarks": "Currently not operating. Re-use for environmental monitoring under evaluation"}}, {"type": "Feature", "id": "platforms.226", "geometry": {"type": "Point", "coordinates": [12.588894, 44.348645]}, "geometry_name": "the_geom", "properties": {"country": "Italy", "platformid": "254", "current_status": "Operational", "name": "PORTO CORSINI M S 1", "category": "Fixed steel", "function": "Production platform", "operator": "ENI", "location_blocks": "A.C  1.AG", "primary_production": "Natural Gas", "weight_sub": null, "weight_top": null, "production_start": null, "valid_from": "20000101", "valid_to": null, "water_depth": 24, "coast_dist": 19888.6432311, "remarks": "Single pile platform - Connected to platform PORTO COSRSINI M E C"}}, {"type": "Feature", "id": "platforms.227", "geometry": {"type": "Point", "coordinates": [13.113554, 44.171042]}, "geometry_name": "the_geom", "properties": {"country": "Italy", "platformid": "178", "current_status": "Operational", "name": "ANNALISA", "category": "Fixed steel", "function": "Production platform", "operator": "ENI", "location_blocks": "A.C 32.AG", "primary_production": "Natural Gas", "weight_sub": null, "weight_top": null, "production_start": null, "valid_from": "19990101", "valid_to": null, "water_depth": 53, "coast_dist": 31879.0466858, "remarks": "4-legged steel jacket - Connected to platform BRENDA PROD"}}, {"type": "Feature", "id": "platforms.228", "geometry": {"type": "Point", "coordinates": [12.71987249, 44.16729443]}, "geometry_name": "the_geom", "properties": {"country": "Italy", "platformid": "313", "current_status": "Operational", "name": "AZALEA B PROD", "category": "Fixed steel", "function": "Production platform", "operator": "ENI", "location_blocks": "A.C  8.ME", "primary_production": "Natural Gas", "weight_sub": null, "weight_top": null, "production_start": null, "valid_from": "19870101", "valid_to": null, "water_depth": 19, "coast_dist": 15198.8566868, "remarks": "4-legged steel jacket - It's a single structure with platform AZALEA B DR"}}, {"type": "Feature", "id": "platforms.229", "geometry": {"type": "Point", "coordinates": [14.170126, 42.648861]}, "geometry_name": "the_geom", "properties": {"country": "Italy", "platformid": "227", "current_status": "Operational", "name": "FRATELLO NORD", "category": "Fixed steel", "function": "Production platform", "operator": "ENI", "location_blocks": "B.C  5.AS", "primary_production": "Natural Gas", "weight_sub": null, "weight_top": null, "production_start": null, "valid_from": "19800101", "valid_to": null, "water_depth": 23, "coast_dist": 9369.70209276, "remarks": "Double pile platform - Connected to platform FRATELLO CLUSTER - It also connects platform VIVIANA 1 to FRATELLO CLUSTER"}}, {"type": "Feature", "id": "platforms.230", "geometry": {"type": "Point", "coordinates": [13.79153, 44.063905]}, "geometry_name": "the_geom", "properties": {"country": "Italy", "platformid": "194", "current_status": "Operational", "name": "BARBARA G", "category": "Fixed steel", "function": "Production platform", "operator": "ENI", "location_blocks": "A.C  7.AS", "primary_production": "Natural Gas", "weight_sub": null, "weight_top": null, "production_start": null, "valid_from": "19920101", "valid_to": null, "water_depth": 70, "coast_dist": 53298.0773931, "remarks": "8-legged steel jacket - Connected to platform BARBARA T"}}, {"type": "Feature", "id": "platforms.231", "geometry": {"type": "Point", "coordinates": [12.77680956, 44.21445749]}, "geometry_name": "the_geom", "properties": {"country": "Italy", "platformid": "181", "current_status": "Operational", "name": "ANTONELLA", "category": "Fixed steel", "function": "Production platform", "operator": "ENI", "location_blocks": "A.C  5.AV", "primary_production": "Natural Gas", "weight_sub": null, "weight_top": null, "production_start": null, "valid_from": "19760101", "valid_to": null, "water_depth": 29, "coast_dist": 22084.9802795, "remarks": "8-legged steel jacket - Connected to platform ANEMONE CLUSTER"}}, {"type": "Feature", "id": "platforms.232", "geometry": {"type": "Point", "coordinates": [18.32532, 40.918159]}, "geometry_name": "the_geom", "properties": {"country": "Italy", "platformid": "284", "current_status": "Closed down", "name": "AQUILA 3", "category": "Subsea steel", "function": "Subsea", "operator": "ENI", "location_blocks": "F.C  2.AG", "primary_production": "Crude Oil", "weight_sub": null, "weight_top": null, "production_start": null, "valid_from": "19950101", "valid_to": null, "water_depth": 804, "coast_dist": 39690.0150748, "remarks": "Subsea wellhead - It was connected to the Floating Production Storage and Offloading (FPSO) vessel FIRENZE"}}, {"type": "Feature", "id": "platforms.233", "geometry": {"type": "Point", "coordinates": [14.607395, 42.22899]}, "geometry_name": "the_geom", "properties": {"country": "Italy", "platformid": "269", "current_status": "Operational", "name": "SANTO STEFANO MARE 101", "category": "Fixed steel", "function": "Production platform", "operator": "EDISON", "location_blocks": "B.C  1.LF", "primary_production": "Natural Gas", "weight_sub": null, "weight_top": null, "production_start": null, "valid_from": "19870101", "valid_to": null, "water_depth": 13, "coast_dist": 2335.31028631, "remarks": "4-legged steel jacket - Connected to platform SANTO STEFANO MARE 3-7"}}, {"type": "Feature", "id": "platforms.234", "geometry": {"type": "Point", "coordinates": [12.661284, 44.407909]}, "geometry_name": "the_geom", "properties": {"country": "Italy", "platformid": "172", "current_status": "Operational", "name": "AMELIA D", "category": "Fixed steel", "function": "Production platform", "operator": "ENI", "location_blocks": "A.C  2.AS", "primary_production": "Natural Gas", "weight_sub": null, "weight_top": null, "production_start": null, "valid_from": "19920101", "valid_to": null, "water_depth": 30, "coast_dist": 27174.0385469, "remarks": "4-legged steel jacket - Connected to platform AMELIA B"}}, {"type": "Feature", "id": "platforms.235", "geometry": {"type": "Point", "coordinates": [14.243294, 42.934945]}, "geometry_name": "the_geom", "properties": {"country": "Italy", "platformid": "221", "current_status": "Operational", "name": "EMILIO", "category": "Fixed steel", "function": "Production platform", "operator": "ENI", "location_blocks": "B.C  3.AS", "primary_production": "Natural Gas", "weight_sub": null, "weight_top": null, "production_start": null, "valid_from": "20010101", "valid_to": null, "water_depth": 85, "coast_dist": 26745.0301262, "remarks": "4-legged steel jacket - Connected to platform ELEONORA"}}, {"type": "Feature", "id": "platforms.236", "geometry": {"type": "Point", "coordinates": [13.901802, 43.202624]}, "geometry_name": "the_geom", "properties": {"country": "Italy", "platformid": "268", "current_status": "Operational", "name": "SAN GIORGIO MARE C", "category": "Fixed steel", "function": "Other", "operator": "EDISON", "location_blocks": "B.C  2.LF", "primary_production": "Natural Gas", "weight_sub": null, "weight_top": null, "production_start": null, "valid_from": "19720101", "valid_to": null, "water_depth": 18, "coast_dist": 8405.04028856, "remarks": "4-legged steel jacket - Connected to SAN GIORGIO MARE gas gathering and treatment centre - It also connects platforms SAN GIORGIO MARE 3 and SAN GIORGIO MARE 6 to SAN GIORGIO MARE centre"}}, {"type": "Feature", "id": "platforms.237", "geometry": {"type": "Point", "coordinates": [17.165078, 39.058611]}, "geometry_name": "the_geom", "properties": {"country": "Italy", "platformid": "238", "current_status": "Operational", "name": "HERA LACINIA 14", "category": "Fixed steel", "function": "Production platform", "operator": "ENI", "location_blocks": "D.C  4.AG", "primary_production": "Natural Gas", "weight_sub": null, "weight_top": null, "production_start": null, "valid_from": "19920101", "valid_to": null, "water_depth": 30, "coast_dist": 2005.02976855, "remarks": "Single pile platform - Connected to platform LUNA B"}}, {"type": "Feature", "id": "platforms.238", "geometry": {"type": "Point", "coordinates": [12.6832, 33.75091]}, "geometry_name": "the_geom", "properties": {"country": "Lybia", "platformid": "LY02", "current_status": "Operational", "name": "Sabratha Platform", "category": "Fixed steel", "function": null, "operator": "Mellitah", "location_blocks": null, "primary_production": "Natural Gas", "weight_sub": null, "weight_top": null, "production_start": null, "valid_from": "20050101", "valid_to": null, "water_depth": 150, "coast_dist": 104355.655736, "remarks": null}}, {"type": "Feature", "id": "platforms.1217", "geometry": {"type": "Point", "coordinates": [31.87447, 45.70533]}, "geometry_name": "the_geom", "properties": {"country": "Russia", "platformid": "RU03", "current_status": "Operational", "name": "MODU SIVASH", "category": null, "function": null, "operator": null, "location_blocks": null, "primary_production": null, "weight_sub": null, "weight_top": null, "production_start": null, "valid_from": "19690101", "valid_to": null, "water_depth": 0.0, "coast_dist": 53242.297652, "remarks": null}}, {"type": "Feature", "id": "platforms.1218", "geometry": {"type": "Point", "coordinates": [30.90307, 45.35593]}, "geometry_name": "the_geom", "properties": {"country": "Russia", "platformid": "RU02", "current_status": "Operational", "name": "MODU TAVRIDA", "category": null, "function": null, "operator": "Chernomorneftegaz", "location_blocks": null, "primary_production": "Natural Gas", "weight_sub": null, "weight_top": null, "production_start": null, "valid_from": "19950101", "valid_to": null, "water_depth": 76.2, "coast_dist": 55676.446824, "remarks": null}}, {"type": "Feature", "id": "platforms.1216", "geometry": {"type": "Point", "coordinates": [32.7128, 45.58913]}, "geometry_name": "the_geom", "properties": {"country": "Russia", "platformid": "RU04", "current_status": "Operational", "name": "MODU KRIMEA-2", "category": null, "function": null, "operator": null, "location_blocks": null, "primary_production": null, "weight_sub": null, "weight_top": null, "production_start": null, "valid_from": "20100101", "valid_to": null, "water_depth": 0.0, "coast_dist": 5444.122135, "remarks": null}}, {"type": "Feature", "id": "platforms.1225", "geometry": {"type": "Point", "coordinates": [31.67364, 45.25835]}, "geometry_name": "the_geom", "properties": {"country": "Ukraine", "platformid": "UA02", "current_status": "Operational", "name": "SHTORMOVAYA-17", "category": null, "function": null, "operator": null, "location_blocks": null, "primary_production": null, "weight_sub": null, "weight_top": null, "production_start": null, "valid_from": null, "valid_to": null, "water_depth": 0.0, "coast_dist": 64895.287222, "remarks": null}}, {"type": "Feature", "id": "platforms.1226", "geometry": {"type": "Point", "coordinates": [31.90787, 45.71157]}, "geometry_name": "the_geom", "properties": {"country": "Ukraine", "platformid": "UA01", "current_status": "Operational", "name": "GOLICYNO-5", "category": null, "function": null, "operator": null, "location_blocks": null, "primary_production": null, "weight_sub": null, "weight_top": null, "production_start": null, "valid_from": null, "valid_to": null, "water_depth": 0.0, "coast_dist": 51929.53455, "remarks": null}}], "totalFeatures": 172, "numberMatched": 172, "numberReturned": 172, "timeStamp": "2026-09-02T16:29:43.322Z", "crs": {"type": "name", "properties": {"name": "urn:ogc:def:crs:EPSG::4326"}}}